token,rating,date,version,used_count
using,2,2020-11-07,9.2,1
using,2,2020-08-07,8.8,1
using,2,2019-11-22,,1
this,2,2020-11-07,9.2,5
this,2,2020-10-31,9.2,1
this,2,2020-10-05,9.0,1
this,2,2020-11-15,9.2,1
this,2,2020-08-20,8.8,1
this,2,2020-06-29,8.8,2
this,2,2020-08-07,8.8,3
this,2,2020-08-07,,1
this,2,2020-08-10,8.8,1
this,2,2020-08-06,8.8,3
this,2,2020-08-11,8.8,5
this,2,2019-07-28,7.7,1
this,2,2020-04-19,8.7,2
this,2,2019-09-15,,1
this,2,2019-09-15,7.91,1
this,2,2019-07-27,7.7,3
this,2,2019-11-14,8.0,1
this,2,2020-05-14,8.8,2
this,2,2020-01-11,8.2,1
this,2,2019-10-20,8.0,1
this,2,2019-04-25,7.4,1
this,2,2020-08-23,8.8,1
this,2,2019-02-01,6.8,1
this,2,2019-06-18,7.5,1
this,2,2020-04-30,8.7,1
this,2,2019-04-24,7.4,1
this,2,2019-12-03,8.2,1
this,2,2019-04-09,7.02,2
this,2,2020-03-31,,2
this,2,2019-09-13,7.91,1
this,2,2020-03-15,8.2,1
this,2,2020-05-17,,1
this,2,2019-09-28,7.91,1
this,2,2020-07-06,8.8,1
this,2,2019-03-04,,1
this,2,2019-04-17,,1
this,2,2020-07-05,8.8,1
this,2,2019-09-25,7.91,3
this,2,2020-05-16,8.8,1
this,2,2020-09-19,9.0,1
this,2,2020-09-22,,1
this,2,2020-10-27,,1
this,2,2020-07-03,,1
this,2,2019-06-19,7.6,2
this,2,2019-04-27,7.4,2
this,2,2019-09-12,7.91,1
this,2,2020-01-24,,1
this,2,2019-09-07,7.7,1
this,2,2019-06-02,7.5,1
this,2,2019-06-03,7.5,2
this,2,2020-05-28,8.8,1
this,2,2020-05-28,,1
this,2,2020-06-14,,1
this,2,2020-08-28,,1
this,2,2019-11-08,8.0,1
this,2,2019-09-05,7.7,1
this,2,2020-09-10,,1
this,2,2019-02-12,6.8,2
this,2,2020-05-21,8.8,1
this,2,2020-08-05,8.8,1
this,2,2019-11-10,,1
this,2,2020-05-06,8.8,2
this,2,2019-02-05,,1
this,2,2020-09-16,9.0,1
this,2,2020-03-16,8.2,1
this,2,2020-07-22,,1
this,2,2019-12-25,,1
this,2,2020-06-02,8.8,1
this,2,2019-12-22,8.2,1
this,2,2020-06-28,,1
this,2,2019-05-14,7.5,1
this,2,2020-06-07,8.8,1
this,2,2019-07-21,7.7,1
this,2,2019-05-24,7.5,2
this,2,2019-04-12,7.02,1
app,2,2020-11-07,9.2,2
app,2,2020-10-31,9.2,1
app,2,2020-10-22,9.2,1
app,2,2020-11-03,9.2,1
app,2,2020-10-12,9.0,1
app,2,2020-11-15,9.2,1
app,2,2020-10-25,9.2,1
app,2,2020-08-20,8.8,1
app,2,2020-06-06,8.8,3
app,2,2020-06-29,8.8,1
app,2,2020-08-21,8.8,1
app,2,2020-10-13,9.0,1
app,2,2020-07-16,8.8,2
app,2,2020-06-27,8.8,1
app,2,2020-08-07,8.8,2
app,2,2020-08-07,,2
app,2,2020-11-01,,2
app,2,2020-08-13,,2
app,2,2020-08-10,8.8,2
app,2,2020-08-06,8.8,2
app,2,2020-08-18,8.8,1
app,2,2020-08-11,8.8,5
app,2,2020-06-12,8.8,2
app,2,2019-07-28,7.7,1
app,2,2020-04-19,8.7,1
app,2,2019-09-15,,1
app,2,2019-07-27,7.7,2
app,2,2019-11-14,8.0,3
app,2,2019-11-18,8.0,2
app,2,2020-05-14,8.8,3
app,2,2019-08-14,7.7,3
app,2,2020-01-11,8.2,2
app,2,2019-04-25,7.4,1
app,2,2020-07-09,8.8,1
app,2,2020-07-18,8.8,1
app,2,2020-08-23,8.8,2
app,2,2019-02-01,6.8,1
app,2,2020-03-27,8.7,1
app,2,2019-06-18,7.5,1
app,2,2019-10-13,8.0,1
app,2,2020-04-30,8.7,3
app,2,2020-04-30,8.8,1
app,2,2019-08-30,,1
app,2,2019-12-03,8.2,2
app,2,2019-09-09,7.91,1
app,2,2019-04-09,7.02,1
app,2,2020-09-27,,2
app,2,2020-03-31,,2
app,2,2019-09-13,7.91,1
app,2,2020-04-17,8.7,1
app,2,2020-06-17,8.8,1
app,2,2020-04-22,,1
app,2,2020-04-03,8.7,1
app,2,2020-03-15,8.2,2
app,2,2019-11-22,,1
app,2,2019-11-22,,1
app,2,2019-09-28,7.91,1
app,2,2020-07-06,8.8,1
app,2,2019-01-28,6.7,2
app,2,2019-03-04,,1
app,2,2020-04-23,,1
app,2,2020-05-06,8.8,5
app,2,2020-04-12,,1
app,2,2019-09-25,7.91,1
app,2,2019-01-30,6.7,1
app,2,2020-05-16,8.8,1
app,2,2020-09-19,9.0,1
app,2,2019-11-04,8.0,2
app,2,2020-10-27,,1
app,2,2020-05-08,8.8,1
app,2,2020-07-03,,1
app,2,2020-07-03,,1
app,2,2019-12-01,8.2,1
app,2,2020-04-29,8.7,1
app,2,2019-06-19,7.6,3
app,2,2019-04-27,7.4,1
app,2,2019-03-01,6.9,1
app,2,2020-05-05,8.8,1
app,2,2020-02-05,,1
app,2,2019-10-06,8.0,1
app,2,2019-12-02,8.2,1
app,2,2020-01-24,,1
app,2,2019-06-02,7.5,1
app,2,2020-03-28,,1
app,2,2020-03-28,8.7,1
app,2,2019-06-03,7.5,3
app,2,2019-06-03,,1
app,2,2020-05-28,8.8,1
app,2,2020-05-28,,1
app,2,2020-04-05,8.7,1
app,2,2019-02-12,6.8,1
app,2,2020-05-21,8.8,1
app,2,2020-08-05,8.8,1
app,2,2019-11-10,,1
app,2,2020-09-16,9.0,1
app,2,2020-09-16,,1
app,2,2020-06-02,8.8,1
app,2,2020-09-21,9.0,1
app,2,2020-08-15,8.8,1
app,2,2020-01-18,8.2,1
app,2,2020-03-16,8.2,1
app,2,2020-08-16,8.8,1
app,2,2018-12-21,6.6,1
app,2,2019-12-25,,1
app,2,2020-03-14,8.2,1
app,2,2020-05-09,8.8,1
app,2,2020-06-28,,1
app,2,2019-05-14,7.5,2
app,2,2019-02-21,6.9,1
app,2,2019-08-13,7.7,1
app,2,2020-03-11,8.2,1
app,2,2019-04-29,7.4,1
app,2,2020-08-14,,1
app,2,2020-01-09,8.2,3
app,2,2019-06-23,7.6,1
app,2,2019-07-23,7.7,1
app,2,2020-02-25,8.2,1
app,2,2020-11-17,9.2,1
app,2,2020-06-07,8.8,1
app,2,2020-04-28,8.7,1
app,2,2020-04-13,8.7,1
app,2,2020-04-01,8.7,1
app,2,2020-01-30,8.2,1
app,2,2019-11-24,8.2,1
app,2,2020-01-12,8.2,1
app,2,2020-01-12,,1
app,2,2019-12-27,8.2,1
app,2,2019-12-04,8.2,1
app,2,2019-10-18,8.0,3
app,2,2019-08-20,7.7,1
app,2,2019-07-21,7.7,1
app,2,2019-06-12,7.6,1
app,2,2019-05-12,7.5,1
app,2,2019-05-24,7.5,5
app,2,2019-05-18,7.5,1
app,2,2019-04-16,7.1,1
app,2,2019-04-17,7.1,1
app,2,2019-04-12,7.02,1
app,2,2019-04-10,7.02,1
app,2,2019-02-17,6.9,1
app,2,2019-03-11,6.9,1
app,2,2019-02-20,6.9,1
app,2,2019-01-02,6.6,2
app,2,2020-03-10,,1
app,2,2020-02-09,,1
app,2,2020-08-31,,1
app,2,2020-09-08,,1
good,2,2020-11-07,9.2,1
good,2,2020-10-12,9.0,1
good,2,2020-06-06,8.8,1
good,2,2020-06-27,8.8,2
good,2,2020-08-07,8.8,1
good,2,2020-08-06,8.8,1
good,2,2020-08-11,8.8,1
good,2,2019-11-14,8.0,1
good,2,2020-01-11,8.2,1
good,2,2020-04-10,,1
good,2,2019-09-09,7.91,1
good,2,2019-04-09,7.02,1
good,2,2020-09-27,,1
good,2,2020-04-30,8.8,1
good,2,2020-04-30,8.7,1
good,2,2020-07-05,8.8,1
good,2,2019-01-30,6.7,1
good,2,2020-09-19,9.0,1
good,2,2020-09-22,,1
good,2,2020-04-29,8.7,1
good,2,2019-04-27,7.4,2
good,2,2020-05-14,8.8,1
good,2,2020-08-26,,1
good,2,2020-03-08,8.2,1
good,2,2020-09-21,9.0,1
good,2,2020-09-11,,1
good,2,2020-08-15,8.8,1
good,2,2019-08-28,,1
good,2,2019-07-23,7.7,1
good,2,2020-06-07,8.8,1
good,2,2020-05-29,8.8,1
good,2,2020-07-17,8.8,1
good,2,2020-05-21,8.8,1
good,2,2020-07-21,8.8,1
good,2,2020-04-14,8.7,1
good,2,2020-01-05,8.2,1
good,2,2020-03-13,8.2,1
good,2,2019-12-16,8.2,1
good,2,2020-03-16,8.2,1
good,2,2019-09-11,7.91,1
good,2,2019-06-25,7.7,1
good,2,2019-07-16,7.7,1
good,2,2019-07-17,7.7,1
good,2,2019-06-12,7.6,1
good,2,2019-02-21,6.9,1
good,2,2019-01-12,6.7,1
good,2,2018-12-25,6.6,1
good,2,2020-06-14,,1
good,2,2020-07-03,,1
good,2,2020-08-17,,1
good,2,2020-02-15,,1
good,2,2019-02-20,,1
and,2,2020-11-07,9.2,1
and,2,2020-10-22,9.2,1
and,2,2020-10-05,9.0,1
and,2,2020-08-20,8.8,3
and,2,2020-06-06,8.8,3
and,2,2020-08-21,8.8,1
and,2,2020-07-16,8.8,4
and,2,2020-06-27,8.8,3
and,2,2020-08-07,8.8,3
and,2,2020-08-07,,1
and,2,2020-08-13,,1
and,2,2020-08-10,8.8,2
and,2,2020-08-10,,1
and,2,2020-08-10,,1
and,2,2020-08-18,8.8,2
and,2,2020-08-11,8.8,2
and,2,2020-09-05,8.8,1
and,2,2020-06-12,8.8,3
and,2,2019-07-28,7.7,2
and,2,2020-04-19,8.7,1
and,2,2020-04-17,8.7,2
and,2,2019-11-14,8.0,1
and,2,2019-11-18,8.0,4
and,2,2020-05-14,8.8,2
and,2,2019-09-07,7.7,2
and,2,2019-09-07,,1
and,2,2020-09-02,,1
and,2,2020-03-23,8.2,1
and,2,2020-01-11,8.2,2
and,2,2019-10-20,8.0,1
and,2,2019-04-25,7.4,2
and,2,2020-07-09,8.8,1
and,2,2020-08-23,8.8,1
and,2,2020-04-15,,1
and,2,2020-04-10,,1
and,2,2020-04-30,8.7,1
and,2,2020-09-27,,6
and,2,2020-04-03,8.7,1
and,2,2020-04-22,,1
and,2,2020-05-02,,1
and,2,2020-03-15,8.2,1
and,2,2019-11-22,,1
and,2,2020-07-06,8.8,1
and,2,2020-05-06,8.8,2
and,2,2019-01-30,6.7,1
and,2,2018-12-23,6.6,1
and,2,2019-09-06,7.7,1
and,2,2020-04-29,8.7,1
and,2,2020-02-25,8.2,1
and,2,2019-02-21,6.9,1
and,2,2019-01-13,6.6,1
and,2,2019-02-08,6.8,3
and,2,2020-03-18,8.2,1
and,2,2019-02-12,6.8,2
and,2,2020-05-21,8.8,1
and,2,2019-12-28,8.2,1
and,2,2019-02-05,,1
and,2,2019-12-23,8.2,1
and,2,2019-05-02,7.4,1
and,2,2019-12-26,8.2,1
and,2,2020-03-11,8.2,1
and,2,2020-11-17,9.2,1
and,2,2019-07-21,7.7,1
and,2,2019-06-25,7.7,1
and,2,2019-04-24,7.4,1
and,2,2019-04-16,7.1,2
and,2,2019-04-10,7.02,1
and,2,2019-02-10,6.8,1
payment,2,2020-11-07,9.2,1
payment,2,2020-10-31,9.2,2
payment,2,2020-10-13,9.0,1
payment,2,2020-03-31,,1
payment,2,2020-04-17,8.7,1
payment,2,2020-06-12,8.8,1
payment,2,2019-09-12,7.91,1
payment,2,2020-08-28,,1
payment,2,2020-09-27,9.0,2
payment,2,2020-04-24,8.7,1
payment,2,2020-07-10,,1
payment,2,2019-07-23,7.7,1
payment,2,2020-11-17,9.2,1
payment,2,2019-08-14,7.7,1
but,2,2020-11-07,9.2,2
but,2,2020-10-31,9.2,2
but,2,2020-11-03,9.2,1
but,2,2020-10-05,9.0,1
but,2,2020-10-12,9.0,1
but,2,2020-11-15,9.2,1
but,2,2020-08-20,8.8,3
but,2,2020-06-06,8.8,3
but,2,2020-06-29,8.8,1
but,2,2020-08-21,8.8,1
but,2,2020-10-13,9.0,1
but,2,2020-07-16,8.8,1
but,2,2020-06-27,8.8,2
but,2,2020-08-07,8.8,1
but,2,2020-08-13,,1
but,2,2020-08-06,8.8,1
but,2,2020-08-18,8.8,1
but,2,2020-08-11,8.8,2
but,2,2020-09-05,8.8,2
but,2,2020-06-12,8.8,1
but,2,2020-04-17,8.7,1
but,2,2019-07-27,7.7,2
but,2,2019-11-14,8.0,1
but,2,2019-11-18,8.0,1
but,2,2019-09-07,7.7,2
but,2,2019-01-10,6.7,1
but,2,2019-10-20,8.0,2
but,2,2019-04-25,7.4,1
but,2,2020-07-09,8.8,1
but,2,2020-08-28,9.0,1
but,2,2019-10-13,8.0,1
but,2,2020-04-30,8.7,1
but,2,2020-04-30,8.8,1
but,2,2019-08-30,,2
but,2,2019-04-24,7.4,1
but,2,2019-12-03,8.2,1
but,2,2019-09-09,7.91,1
but,2,2019-04-09,7.02,1
but,2,2019-04-22,7.4,2
but,2,2019-12-29,8.2,1
but,2,2019-09-18,7.91,1
but,2,2020-04-03,8.7,1
but,2,2020-03-15,8.2,1
but,2,2019-06-13,7.5,1
but,2,2019-01-20,6.7,1
but,2,2019-01-20,6.6,1
but,2,2020-02-04,8.2,1
but,2,2019-11-30,8.2,1
but,2,2019-08-10,7.7,1
but,2,2020-07-05,8.8,2
but,2,2020-04-23,,2
but,2,2020-09-19,9.0,1
but,2,2019-11-04,8.0,1
but,2,2020-07-10,,1
but,2,2018-12-23,6.6,1
but,2,2019-12-31,8.2,1
but,2,2020-07-03,,1
but,2,2019-12-01,8.2,1
but,2,2019-06-12,7.5,1
but,2,2019-09-10,7.91,1
but,2,2020-05-18,8.8,1
but,2,2020-05-05,8.8,1
but,2,2019-12-02,8.2,1
but,2,2020-05-14,8.8,2
but,2,2020-07-12,8.8,2
but,2,2020-01-18,8.2,1
but,2,2020-05-28,8.8,1
but,2,2020-06-14,,2
but,2,2020-03-18,8.2,1
but,2,2019-09-05,7.7,2
but,2,2019-02-12,6.8,1
but,2,2020-05-21,8.8,1
but,2,2020-07-30,8.8,1
but,2,2019-11-21,8.0,1
but,2,2019-11-10,,1
but,2,2020-08-26,9.0,1
but,2,2019-05-02,7.4,1
but,2,2019-05-26,7.5,1
but,2,2019-01-29,6.7,1
but,2,2019-01-16,6.7,1
but,2,2020-06-07,8.8,1
but,2,2019-07-21,7.7,1
but,2,2019-06-25,7.7,1
but,2,2019-07-16,7.7,1
but,2,2019-05-21,7.5,1
but,2,2019-04-07,7.02,1
but,2,2019-02-17,6.9,2
everytime,2,2020-11-07,9.2,1
everytime,2,2020-08-10,8.8,1
everytime,2,2019-01-10,6.7,1
everytime,2,2019-09-18,7.91,1
everytime,2,2019-06-13,7.5,1
when,2,2020-11-07,9.2,1
when,2,2020-08-20,8.8,1
when,2,2020-06-27,8.8,1
when,2,2020-06-12,8.8,1
when,2,2019-07-27,7.7,2
when,2,2019-11-14,8.0,1
when,2,2019-09-07,7.7,1
when,2,2019-09-07,,1
when,2,2019-04-25,7.4,1
when,2,2019-02-01,6.8,1
when,2,2019-06-18,7.5,1
when,2,2019-04-24,7.4,1
when,2,2019-09-18,7.91,1
when,2,2019-09-28,7.91,1
when,2,2020-04-20,8.7,1
when,2,2019-01-28,6.7,2
when,2,2020-04-12,,1
when,2,2020-05-16,8.8,1
when,2,2020-05-05,8.8,1
when,2,2020-05-28,8.8,1
when,2,2019-03-11,6.9,1
when,2,2019-03-05,6.9,1
when,2,2019-02-19,6.9,1
when,2,2019-04-18,,1
withdraw,2,2020-11-07,9.2,1
withdraw,2,2020-11-03,9.2,2
withdraw,2,2020-11-14,9.2,1
withdraw,2,2020-11-01,,2
withdraw,2,2019-07-27,7.7,1
withdraw,2,2019-09-07,7.7,1
withdraw,2,2020-01-11,8.2,1
withdraw,2,2019-09-18,7.91,4
withdraw,2,2019-09-28,7.91,1
withdraw,2,2019-10-22,,1
withdraw,2,2020-07-05,8.8,1
withdraw,2,2020-09-19,9.0,1
withdraw,2,2019-06-02,7.5,1
withdraw,2,2020-08-10,,2
withdraw,2,2019-02-12,6.8,1
money,2,2020-11-07,9.2,1
money,2,2020-10-05,9.0,1
money,2,2020-10-25,9.2,1
money,2,2020-11-03,9.2,3
money,2,2020-08-20,8.8,3
money,2,2020-08-21,8.8,1
money,2,2020-07-16,8.8,2
money,2,2020-08-07,8.8,1
money,2,2020-08-11,8.8,1
money,2,2020-09-05,8.8,2
money,2,2019-07-28,7.7,1
money,2,2019-11-18,8.0,2
money,2,2019-09-07,7.7,3
money,2,2019-09-07,,1
money,2,2019-08-14,7.7,1
money,2,2020-09-02,,1
money,2,2020-08-28,9.0,1
money,2,2019-02-01,6.8,2
money,2,2020-03-27,8.7,1
money,2,2019-06-18,7.5,1
money,2,2019-10-13,8.0,2
money,2,2020-04-30,8.7,1
money,2,2019-04-24,7.4,4
money,2,2019-09-09,7.91,1
money,2,2020-09-27,,2
money,2,2019-09-13,7.91,1
money,2,2020-03-26,8.7,1
money,2,2019-08-08,7.7,1
money,2,2020-04-22,,1
money,2,2020-04-03,8.7,1
money,2,2019-06-13,7.5,1
money,2,2019-09-28,7.91,1
money,2,2019-01-20,6.7,1
money,2,2020-07-06,8.8,1
money,2,2019-11-30,8.2,1
money,2,2019-08-10,7.7,1
money,2,2020-07-05,8.8,1
money,2,2020-04-23,,2
money,2,2019-07-06,7.6,1
money,2,2019-09-25,7.91,1
money,2,2019-01-30,6.7,1
money,2,2020-05-16,8.8,2
money,2,2020-09-19,9.0,3
money,2,2019-11-04,8.0,1
money,2,2020-07-10,,1
money,2,2019-05-21,7.5,1
money,2,2019-12-01,8.2,1
money,2,2019-09-06,7.7,1
money,2,2019-10-21,8.0,1
money,2,2019-06-19,7.6,1
money,2,2019-04-27,7.4,2
money,2,2019-03-01,6.9,1
money,2,2020-10-01,9.0,1
money,2,2020-01-24,,1
money,2,2020-01-24,8.2,1
money,2,2020-05-14,8.8,1
money,2,2019-09-16,7.91,1
money,2,2020-07-12,8.8,3
money,2,2019-06-02,7.5,1
money,2,2020-06-06,8.8,2
money,2,2019-05-07,7.4,1
money,2,2020-03-18,8.2,1
money,2,2020-08-10,,1
money,2,2019-11-08,8.0,2
money,2,2020-08-26,,1
money,2,2019-02-12,6.8,3
money,2,2019-12-28,8.2,1
money,2,2020-05-28,,1
money,2,2020-07-30,8.8,2
money,2,2019-11-21,8.0,1
money,2,2019-02-05,,1
money,2,2019-11-05,8.0,1
money,2,2020-03-15,8.2,1
money,2,2020-03-08,8.2,1
money,2,2020-03-28,8.7,1
money,2,2020-05-31,8.8,1
money,2,2019-05-26,7.5,1
money,2,2019-12-08,8.2,1
money,2,2019-02-03,6.8,2
money,2,2020-05-09,8.8,1
money,2,2020-05-19,,1
money,2,2019-08-02,7.7,1
money,2,2019-04-29,7.4,2
money,2,2019-06-11,7.6,1
money,2,2020-07-18,8.8,1
money,2,2019-12-13,8.2,1
money,2,2019-06-25,7.7,1
money,2,2019-04-16,7.1,1
money,2,2019-04-07,7.02,2
money,2,2019-03-20,7.02,1
money,2,2019-03-08,6.9,1
money,2,2019-02-17,6.9,2
money,2,2019-02-19,6.9,1
money,2,2019-02-18,6.9,1
money,2,2019-02-27,6.9,1
money,2,2019-04-18,,3
paytm,2,2020-11-07,9.2,2
paytm,2,2020-11-03,9.2,2
paytm,2,2019-10-13,8.0,1
paytm,2,2019-04-24,7.4,2
paytm,2,2019-12-03,8.2,1
paytm,2,2020-03-31,,1
paytm,2,2020-03-26,8.7,1
paytm,2,2019-06-13,7.5,1
paytm,2,2019-11-30,8.2,1
paytm,2,2019-08-10,7.7,1
paytm,2,2019-09-25,7.91,1
paytm,2,2019-12-01,8.2,1
paytm,2,2019-06-12,7.5,1
paytm,2,2019-03-01,6.9,1
paytm,2,2019-09-16,7.91,1
paytm,2,2019-09-07,,1
paytm,2,2019-09-07,7.7,1
paytm,2,2020-01-30,,1
paytm,2,2019-11-08,8.0,1
paytm,2,2020-09-10,,1
paytm,2,2020-01-24,8.2,1
paytm,2,2020-07-16,8.8,1
paytm,2,2019-11-05,8.0,1
paytm,2,2019-12-08,8.2,1
paytm,2,2019-06-11,7.6,1
paytm,2,2020-06-07,8.8,1
paytm,2,2019-12-13,8.2,1
paytm,2,2019-02-17,6.9,1
paytm,2,2019-02-27,6.9,1
paytm,2,2019-04-18,,1
says,2,2020-11-07,9.2,1
says,2,2020-11-03,9.2,1
says,2,2019-11-14,8.0,1
says,2,2019-06-18,7.5,1
says,2,2019-08-30,,1
says,2,2019-09-09,7.91,1
says,2,2019-09-13,7.91,1
says,2,2019-09-28,7.91,1
says,2,2019-01-20,6.7,1
says,2,2019-03-04,,1
says,2,2020-05-05,8.8,2
says,2,2019-04-29,7.4,1
wallet,2,2020-11-07,9.2,1
wallet,2,2020-11-03,9.2,1
wallet,2,2020-02-12,8.2,1
wallet,2,2019-11-30,8.2,1
wallet,2,2020-07-05,8.8,1
wallet,2,2018-12-23,6.6,1
wallet,2,2019-12-01,8.2,1
wallet,2,2019-03-01,6.9,1
wallet,2,2019-05-14,7.4,1
wallet,2,2019-01-13,6.6,1
wallet,2,2020-01-24,,1
wallet,2,2019-09-16,7.91,1
wallet,2,2020-06-06,8.8,2
wallet,2,2019-05-02,7.4,1
wallet,2,2019-01-16,6.7,1
wallet,2,2019-02-03,6.8,1
wallet,2,2019-01-20,6.6,1
wallet,2,2019-04-18,,1
've,2,2020-11-07,9.2,1
've,2,2019-04-24,7.4,1
've,2,2019-11-22,,1
tried,2,2020-11-07,9.2,1
tried,2,2020-09-05,8.8,1
tried,2,2019-07-27,7.7,1
tried,2,2019-06-13,7.5,1
tried,2,2019-05-14,7.4,1
tried,2,2019-04-10,7.02,1
many,2,2020-11-07,9.2,1
many,2,2020-06-29,8.8,1
many,2,2019-07-28,7.7,1
many,2,2020-05-14,8.8,2
many,2,2019-01-10,6.7,1
many,2,2019-10-20,8.0,1
many,2,2019-06-18,7.5,1
many,2,2020-04-10,,2
many,2,2019-08-30,,1
many,2,2019-06-13,7.5,1
many,2,2020-03-16,,1
many,2,2019-10-21,8.0,2
many,2,2019-01-29,6.7,1
many,2,2019-06-25,7.7,1
time,2,2020-11-07,9.2,1
time,2,2020-11-14,9.2,1
time,2,2020-08-20,8.8,1
time,2,2020-06-06,8.8,1
time,2,2020-07-16,8.8,2
time,2,2020-08-07,8.8,1
time,2,2019-08-14,7.7,1
time,2,2019-01-10,6.7,1
time,2,2020-01-11,8.2,1
time,2,2020-02-12,8.2,1
time,2,2020-07-18,8.8,1
time,2,2019-06-18,7.5,2
time,2,2020-04-30,8.7,1
time,2,2019-12-03,8.2,1
time,2,2019-04-22,7.4,1
time,2,2020-04-03,8.7,2
time,2,2020-06-17,8.8,1
time,2,2019-08-10,7.7,1
time,2,2019-11-08,8.0,2
time,2,2019-11-04,8.0,1
time,2,2020-09-22,,1
time,2,2020-03-16,,2
time,2,2019-06-12,7.5,1
time,2,2019-06-19,7.6,1
time,2,2020-02-25,8.2,1
time,2,2019-12-02,8.2,1
time,2,2020-08-04,8.8,1
time,2,2019-09-05,7.7,1
time,2,2020-11-17,9.2,1
time,2,2020-07-24,8.8,1
time,2,2019-07-21,7.7,1
time,2,2019-05-14,7.5,1
time,2,2019-04-29,7.4,1
time,2,2019-04-10,7.02,1
time,2,2019-03-11,6.9,1
time,2,2019-03-05,6.9,1
time,2,2019-04-18,,2
time,2,2019-07-28,,1
always,2,2020-11-07,9.2,1
always,2,2019-04-09,7.02,1
always,2,2019-09-13,7.91,1
always,2,2019-08-08,7.7,1
always,2,2019-01-20,6.7,1
always,2,2019-07-06,7.6,1
always,2,2019-06-12,7.5,1
always,2,2019-09-10,7.91,1
always,2,2019-09-05,7.7,1
always,2,2020-09-27,9.0,1
always,2,2019-02-05,,1
always,2,2019-03-11,6.9,1
always,2,2019-02-10,6.8,1
pls,2,2020-11-07,9.2,1
pls,2,2019-07-27,7.7,1
pls,2,2019-01-10,6.7,1
pls,2,2019-05-21,7.5,1
pls,2,2019-09-10,7.91,2
pls,2,2020-01-24,,1
pls,2,2019-02-12,6.8,5
pls,2,2019-11-10,,2
pls,2,2019-02-17,6.9,1
fix,2,2020-11-07,9.2,1
fix,2,2020-10-22,9.2,1
fix,2,2020-10-05,9.0,1
fix,2,2020-06-29,8.8,1
fix,2,2020-08-21,8.8,1
fix,2,2019-11-14,8.0,1
fix,2,2019-08-14,7.7,1
fix,2,2019-01-10,6.7,1
fix,2,2019-04-24,7.4,1
fix,2,2019-09-18,7.91,1
fix,2,2020-03-26,8.7,1
fix,2,2019-09-28,7.91,1
fix,2,2020-04-12,,1
fix,2,2019-09-25,7.91,1
fix,2,2019-11-10,,1
issue,2,2020-11-07,9.2,2
issue,2,2020-08-28,9.0,1
issue,2,2019-04-24,7.4,1
issue,2,2020-05-17,,1
issue,2,2019-03-04,,1
'll,2,2020-11-07,9.2,1
'll,2,2020-08-20,8.8,1
give,2,2020-11-07,9.2,1
give,2,2020-10-31,9.2,2
give,2,2020-08-20,8.8,1
give,2,2020-08-21,8.8,1
give,2,2020-08-07,8.8,1
give,2,2020-09-05,8.8,3
give,2,2020-04-17,8.7,3
give,2,2020-08-23,8.8,1
give,2,2020-04-15,,1
give,2,2020-04-03,8.7,1
give,2,2020-05-05,8.8,1
give,2,2020-05-14,8.8,1
give,2,2019-02-12,6.8,2
give,2,2020-07-30,8.8,1
give,2,2019-11-10,,1
give,2,2019-02-05,,2
give,2,2020-03-15,8.2,1
give,2,2019-10-07,8.0,1
give,2,2019-09-15,7.91,1
give,2,2020-01-16,8.2,1
give,2,2020-03-26,8.7,1
give,2,2019-07-21,7.7,1
give,2,2019-03-21,,1
rating,2,2020-11-07,9.2,1
rating,2,2019-11-04,8.0,1
rating,2,2020-06-06,8.8,1
rating,2,2019-11-10,,1
rating,2,2019-03-21,,1
frizza,2,2020-11-07,9.2,1
frizza,2,2020-11-03,9.2,1
frizza,2,2020-10-13,9.0,1
frizza,2,2020-08-11,8.8,1
frizza,2,2020-04-17,8.7,4
frizza,2,2019-11-18,8.0,1
frizza,2,2019-09-07,7.7,1
frizza,2,2020-07-09,8.8,1
frizza,2,2020-09-27,,3
frizza,2,2019-11-30,8.2,1
frizza,2,2019-01-28,6.7,2
frizza,2,2020-07-10,,1
frizza,2,2020-06-06,8.8,3
frizza,2,2020-01-30,,2
frizza,2,2020-08-04,8.8,1
frizza,2,2019-02-12,6.8,1
frizza,2,2020-01-24,8.2,1
frizza,2,2019-11-21,8.0,1
frizza,2,2020-03-15,8.2,1
thanks,2,2020-11-07,9.2,1
thanks,2,2020-08-07,8.8,2
thanks,2,2020-01-11,8.2,1
thanks,2,2020-09-27,,1
the,2,2020-10-31,9.2,4
the,2,2020-10-22,9.2,1
the,2,2020-10-05,9.0,1
the,2,2020-10-06,9.0,1
the,2,2020-08-20,8.8,2
the,2,2020-06-06,8.8,3
the,2,2020-06-29,8.8,2
the,2,2020-08-21,8.8,1
the,2,2020-07-16,8.8,1
the,2,2020-06-27,8.8,3
the,2,2020-11-01,,3
the,2,2020-08-13,,5
the,2,2020-08-10,8.8,1
the,2,2020-08-18,8.8,2
the,2,2019-07-28,7.7,4
the,2,2020-04-19,8.7,1
the,2,2020-04-17,8.7,2
the,2,2019-09-15,,1
the,2,2019-11-14,8.0,2
the,2,2019-11-18,8.0,5
the,2,2020-05-14,8.8,5
the,2,2019-09-07,7.7,3
the,2,2019-08-14,7.7,4
the,2,2020-03-23,8.2,2
the,2,2019-10-20,8.0,1
the,2,2020-02-12,8.2,1
the,2,2019-04-25,7.4,2
the,2,2020-08-23,8.8,1
the,2,2019-02-01,6.8,1
the,2,2020-04-15,,1
the,2,2019-10-13,8.0,2
the,2,2019-08-30,,2
the,2,2019-04-24,7.4,1
the,2,2019-09-09,7.91,1
the,2,2020-09-27,,13
the,2,2020-04-26,8.7,1
the,2,2020-07-20,8.8,1
the,2,2020-03-26,8.7,1
the,2,2020-06-17,8.8,1
the,2,2020-04-22,,1
the,2,2020-06-12,8.8,1
the,2,2020-04-20,8.7,2
the,2,2019-01-28,6.7,1
the,2,2019-03-04,,1
the,2,2019-04-17,,1
the,2,2020-05-06,8.8,1
the,2,2020-04-12,,2
the,2,2019-09-25,7.91,1
the,2,2019-11-08,8.0,1
the,2,2019-01-30,6.7,2
the,2,2020-05-16,8.8,1
the,2,2020-09-19,9.0,3
the,2,2019-11-04,8.0,1
the,2,2020-07-10,,1
the,2,2020-11-14,9.2,1
the,2,2020-11-03,9.2,1
the,2,2019-09-06,7.7,2
the,2,2019-09-10,7.91,2
the,2,2019-03-01,6.9,1
the,2,2019-12-02,8.2,2
the,2,2019-06-02,7.5,1
the,2,2019-02-08,6.8,1
the,2,2020-05-28,8.8,1
the,2,2020-03-18,8.2,1
the,2,2020-04-05,8.7,6
the,2,2019-09-05,7.7,1
the,2,2020-09-10,,1
the,2,2020-05-21,8.8,1
the,2,2019-01-16,6.7,1
the,2,2020-03-20,8.2,1
the,2,2020-03-14,8.2,1
the,2,2019-11-28,8.2,1
the,2,2019-01-04,,1
the,2,2019-04-29,7.4,1
the,2,2019-04-16,7.1,1
the,2,2019-02-17,6.9,1
really,2,2020-10-31,9.2,1
really,2,2020-07-16,8.8,1
really,2,2020-04-19,8.7,1
really,2,2019-02-01,6.8,1
really,2,2020-09-27,,1
really,2,2020-04-29,8.7,1
really,2,2020-08-26,,1
also,2,2020-10-31,9.2,2
also,2,2020-08-18,8.8,1
also,2,2020-08-11,8.8,1
also,2,2020-05-14,8.8,2
also,2,2020-01-11,8.2,1
also,2,2019-12-03,8.2,1
also,2,2019-10-22,,1
also,2,2020-05-16,8.8,1
there,2,2020-10-31,9.2,1
there,2,2020-06-06,8.8,1
there,2,2019-11-14,8.0,1
there,2,2020-05-14,8.8,2
there,2,2020-02-12,8.2,2
there,2,2020-04-17,8.7,1
there,2,2019-01-28,6.7,1
there,2,2020-08-18,8.8,1
there,2,2019-04-07,7.02,1
problem,2,2020-10-31,9.2,1
problem,2,2020-10-22,9.2,1
problem,2,2020-11-03,9.2,2
problem,2,2020-08-21,8.8,1
problem,2,2020-10-13,9.0,1
problem,2,2020-06-27,8.8,1
problem,2,2020-11-01,,1
problem,2,2020-08-11,8.8,1
problem,2,2020-06-12,8.8,1
problem,2,2019-11-14,8.0,2
problem,2,2019-08-14,7.7,1
problem,2,2019-09-09,7.91,1
problem,2,2019-09-13,7.91,1
problem,2,2020-05-02,,1
problem,2,2020-04-12,,1
problem,2,2020-09-22,,1
problem,2,2019-09-12,7.91,1
problem,2,2020-05-14,8.8,1
problem,2,2019-09-07,7.7,1
problem,2,2019-02-05,,1
problem,2,2019-01-16,6.7,1
problem,2,2020-05-19,,1
with,2,2020-10-31,9.2,1
with,2,2020-08-11,8.8,2
with,2,2019-07-28,7.7,1
with,2,2020-04-19,8.7,2
with,2,2020-04-17,8.7,1
with,2,2020-05-14,8.8,1
with,2,2020-03-23,8.2,1
with,2,2020-09-27,,1
with,2,2019-08-10,7.7,1
with,2,2019-11-08,8.0,2
with,2,2019-02-08,6.8,1
with,2,2019-12-23,8.2,1
referral,2,2020-10-31,9.2,2
referral,2,2020-06-29,8.8,1
referral,2,2020-07-06,8.8,1
referral,2,2019-10-21,8.0,1
referral,2,2019-02-21,6.9,1
referral,2,2019-02-08,6.8,1
referral,2,2019-10-07,8.0,1
referral,2,2020-03-20,8.2,1
referral,2,2019-11-07,8.0,1
referral,2,2020-04-20,8.7,1
referral,2,2019-12-01,8.2,1
referral,2,2020-05-15,,1
referral,2,2020-07-18,8.8,1
referral,2,2019-02-10,6.8,1
code,2,2020-10-31,9.2,2
code,2,2020-09-27,,1
code,2,2020-07-06,8.8,1
code,2,2020-05-18,8.8,2
code,2,2019-02-21,6.9,1
code,2,2020-05-14,8.8,1
code,2,2019-02-08,6.8,2
code,2,2020-03-28,8.7,2
code,2,2020-06-02,8.8,1
code,2,2019-10-07,8.0,1
code,2,2020-03-20,8.2,1
code,2,2019-11-07,8.0,1
code,2,2020-08-20,8.8,1
code,2,2020-04-20,8.7,1
code,2,2019-12-01,8.2,1
code,2,2019-11-28,8.2,1
code,2,2020-05-15,,1
code,2,2020-05-15,8.8,1
code,2,2019-11-29,8.2,1
code,2,2019-01-06,6.6,1
code,2,2020-05-03,8.8,1
code,2,2020-08-11,,1
code,2,2020-03-13,8.2,1
code,2,2020-01-08,8.2,1
code,2,2020-03-26,8.7,1
code,2,2019-12-07,,1
code,2,2020-08-07,8.8,1
code,2,2020-06-12,8.8,1
code,2,2020-05-17,8.8,1
code,2,2019-04-24,7.4,1
code,2,2019-04-09,7.02,1
code,2,2019-02-20,6.9,1
code,2,2019-02-10,6.8,2
code,2,2019-01-02,6.6,1
code,2,2018-12-23,6.6,1
not,2,2020-10-31,9.2,1
not,2,2020-10-25,9.2,1
not,2,2020-08-21,8.8,2
not,2,2020-07-16,8.8,1
not,2,2020-08-10,8.8,4
not,2,2020-08-10,,1
not,2,2020-07-24,8.8,1
not,2,2020-08-06,8.8,1
not,2,2020-08-11,8.8,1
not,2,2019-07-28,7.7,1
not,2,2020-04-19,8.7,1
not,2,2020-04-17,8.7,4
not,2,2019-11-18,8.0,1
not,2,2020-05-14,8.8,2
not,2,2019-08-14,7.7,1
not,2,2020-09-02,,1
not,2,2020-03-23,8.2,4
not,2,2019-10-20,8.0,2
not,2,2019-04-25,7.4,1
not,2,2020-07-09,8.8,2
not,2,2020-07-18,8.8,1
not,2,2020-08-23,8.8,2
not,2,2020-08-28,9.0,1
not,2,2020-08-28,,1
not,2,2020-03-27,8.7,1
not,2,2020-04-15,,1
not,2,2019-10-13,8.0,1
not,2,2020-04-10,,1
not,2,2020-04-10,,1
not,2,2019-08-30,,1
not,2,2019-04-24,7.4,1
not,2,2020-09-27,,1
not,2,2020-09-27,9.0,1
not,2,2020-04-26,8.7,1
not,2,2019-09-18,7.91,2
not,2,2020-07-20,8.8,1
not,2,2020-05-28,8.8,2
not,2,2020-05-28,,1
not,2,2019-08-08,7.7,1
not,2,2020-04-22,,1
not,2,2020-04-22,8.7,1
not,2,2020-05-02,,1
not,2,2020-04-30,8.8,2
not,2,2020-05-17,,1
not,2,2020-05-09,8.8,1
not,2,2020-04-20,8.7,1
not,2,2019-11-30,8.2,1
not,2,2019-08-10,7.7,1
not,2,2019-07-06,7.6,1
not,2,2020-04-12,,1
not,2,2019-09-25,7.91,1
not,2,2019-11-08,8.0,2
not,2,2020-05-16,8.8,2
not,2,2020-09-19,9.0,1
not,2,2019-11-04,8.0,1
not,2,2020-09-22,,1
not,2,2020-07-10,,1
not,2,2020-05-08,8.8,1
not,2,2018-12-23,6.6,2
not,2,2019-09-14,7.91,1
not,2,2019-12-31,8.2,1
not,2,2020-11-03,9.2,1
not,2,2019-05-21,7.5,1
not,2,2019-12-01,8.2,1
not,2,2019-10-21,8.0,1
not,2,2019-04-27,7.4,2
not,2,2019-03-01,6.9,1
not,2,2020-05-18,8.8,2
not,2,2020-02-05,,1
not,2,2019-10-06,8.0,1
not,2,2019-12-02,8.2,1
not,2,2020-01-24,,1
not,2,2020-01-24,8.2,1
not,2,2019-09-07,7.7,1
not,2,2019-06-02,7.5,1
not,2,2020-08-20,8.8,3
not,2,2020-06-06,8.8,1
not,2,2020-08-18,8.8,1
not,2,2020-01-30,,1
not,2,2020-01-18,8.2,1
not,2,2020-06-14,,1
not,2,2020-06-14,,1
not,2,2020-04-05,8.7,1
not,2,2020-08-26,,1
not,2,2020-08-26,9.0,1
not,2,2019-02-12,6.8,5
not,2,2019-12-28,8.2,1
not,2,2019-10-02,8.0,1
not,2,2019-11-21,8.0,1
not,2,2020-08-05,8.8,1
not,2,2019-11-10,,1
not,2,2019-02-05,,1
not,2,2019-11-05,8.0,1
not,2,2020-03-08,8.2,1
not,2,2020-08-15,8.8,1
not,2,2020-03-16,8.2,1
not,2,2019-12-26,8.2,1
not,2,2018-12-21,6.6,1
not,2,2019-01-29,6.7,1
not,2,2019-12-25,,1
not,2,2019-09-15,7.91,2
not,2,2019-02-03,6.8,1
not,2,2020-08-16,8.8,1
not,2,2019-12-03,8.2,1
not,2,2019-01-04,,1
not,2,2019-08-28,,1
not,2,2019-09-09,7.7,1
not,2,2020-04-01,,1
not,2,2020-11-17,9.2,2
not,2,2019-06-25,7.7,1
not,2,2019-05-24,7.5,1
not,2,2019-04-21,7.4,1
not,2,2019-04-16,7.1,1
not,2,2019-03-20,7.02,1
not,2,2019-04-12,7.02,1
not,2,2019-03-08,6.9,1
not,2,2019-02-17,6.9,3
not,2,2019-02-10,6.8,1
not,2,2019-01-15,6.7,1
not,2,2020-04-18,,1
working,2,2020-10-31,9.2,2
working,2,2020-08-21,8.8,2
working,2,2020-08-10,8.8,1
working,2,2020-03-23,8.2,1
working,2,2020-07-09,8.8,1
working,2,2020-04-26,8.7,1
working,2,2020-05-02,,1
working,2,2020-04-30,8.8,1
working,2,2020-04-22,8.7,1
working,2,2019-11-04,8.0,1
working,2,2019-09-14,7.91,1
working,2,2019-06-02,7.5,1
working,2,2020-01-18,8.2,1
working,2,2019-12-03,8.2,1
working,2,2019-09-15,7.91,1
sorry,2,2020-10-31,9.2,1
sorry,2,2019-11-04,8.0,1
sorry,2,2020-03-06,8.2,1
for,2,2020-10-31,9.2,1
for,2,2020-11-03,9.2,1
for,2,2020-11-14,9.2,1
for,2,2020-08-20,8.8,2
for,2,2020-06-06,8.8,1
for,2,2020-08-21,8.8,1
for,2,2020-07-16,8.8,4
for,2,2020-08-07,8.8,2
for,2,2020-08-13,,3
for,2,2020-08-06,8.8,1
for,2,2020-06-12,8.8,2
for,2,2020-04-19,8.7,1
for,2,2019-09-15,,1
for,2,2019-09-15,7.91,1
for,2,2019-11-18,8.0,1
for,2,2020-05-14,8.8,1
for,2,2020-03-23,8.2,1
for,2,2020-02-12,8.2,3
for,2,2019-04-25,7.4,1
for,2,2020-03-27,8.7,2
for,2,2020-05-08,8.8,2
for,2,2020-04-10,,1
for,2,2019-04-24,7.4,1
for,2,2019-12-03,8.2,1
for,2,2020-09-27,,2
for,2,2020-05-02,,1
for,2,2020-04-03,8.7,1
for,2,2019-11-22,,1
for,2,2019-01-28,6.7,1
for,2,2019-08-10,7.7,1
for,2,2020-07-05,8.8,1
for,2,2019-09-25,7.91,1
for,2,2019-11-04,8.0,1
for,2,2020-03-16,,1
for,2,2019-12-31,8.2,1
for,2,2020-04-29,8.7,1
for,2,2020-02-05,,1
for,2,2019-01-13,6.6,1
for,2,2020-01-24,,1
for,2,2020-06-14,,1
for,2,2020-08-10,,1
for,2,2020-08-04,8.8,1
for,2,2019-11-08,8.0,1
for,2,2020-08-26,,1
for,2,2020-03-28,8.7,1
for,2,2020-03-14,8.2,1
for,2,2019-06-25,7.7,1
for,2,2019-04-07,7.02,1
for,2,2019-02-10,6.8,1
type,2,2020-10-31,9.2,1
late,2,2020-10-31,9.2,1
late,2,2020-09-02,,1
late,2,2020-06-12,8.8,1
watch,2,2020-10-22,9.2,1
watch,2,2020-10-13,9.0,1
watch,2,2020-08-26,9.0,1
video,2,2020-10-22,9.2,1
video,2,2020-06-06,8.8,4
video,2,2020-10-13,9.0,1
video,2,2020-03-27,8.7,1
video,2,2020-04-26,8.7,1
video,2,2020-04-22,8.7,1
video,2,2019-10-22,,2
video,2,2020-09-22,,2
video,2,2020-10-01,9.0,1
video,2,2020-09-30,9.0,1
video,2,2020-08-26,9.0,1
video,2,2020-05-21,8.8,1
video,2,2020-10-10,9.0,1
earn,2,2020-10-22,9.2,1
earn,2,2020-06-27,8.8,2
earn,2,2019-04-25,7.4,1
earn,2,2020-04-30,8.7,1
earn,2,2020-09-27,,4
earn,2,2020-04-03,8.7,1
earn,2,2020-04-22,8.7,1
earn,2,2020-04-20,8.7,1
earn,2,2020-07-06,8.8,1
earn,2,2020-09-19,9.0,1
earn,2,2020-05-14,8.8,1
earn,2,2020-06-14,,1
earn,2,2020-03-15,8.2,1
earn,2,2020-08-07,8.8,1
option,2,2020-10-22,9.2,1
option,2,2020-10-13,9.0,1
option,2,2020-05-08,8.8,1
option,2,2019-11-09,8.0,1
option,2,2019-12-25,,1
option,2,2020-02-15,8.2,1
option,2,2019-05-21,7.5,1
they,2,2020-10-22,9.2,1
they,2,2020-11-14,9.2,1
they,2,2020-08-20,8.8,1
they,2,2020-07-16,8.8,2
they,2,2019-07-28,7.7,2
they,2,2020-04-19,8.7,1
they,2,2019-09-07,7.7,1
they,2,2020-03-23,8.2,1
they,2,2019-04-25,7.4,2
they,2,2020-03-27,8.7,1
they,2,2019-06-18,7.5,1
they,2,2020-07-05,8.8,1
they,2,2019-09-06,7.7,2
they,2,2019-06-12,7.5,1
they,2,2020-07-12,8.8,1
they,2,2020-01-18,8.2,1
they,2,2019-05-21,7.5,1
from,2,2020-10-22,9.2,1
from,2,2020-08-20,8.8,1
from,2,2020-08-21,8.8,1
from,2,2020-08-07,8.8,1
from,2,2020-11-01,,2
from,2,2020-09-05,8.8,1
from,2,2020-04-19,8.7,1
from,2,2019-08-30,,1
from,2,2019-09-09,7.91,1
from,2,2019-01-20,6.7,1
from,2,2020-04-22,8.7,1
from,2,2019-11-30,8.2,1
from,2,2020-07-10,,1
from,2,2019-01-28,6.7,1
from,2,2019-12-02,8.2,1
from,2,2020-05-14,8.8,1
from,2,2020-08-04,8.8,1
from,2,2020-08-23,,1
from,2,2020-01-24,8.2,1
from,2,2020-05-28,,1
from,2,2019-11-21,8.0,1
from,2,2019-02-18,6.9,1
please,2,2020-10-22,9.2,1
please,2,2020-10-05,9.0,1
please,2,2020-11-14,9.2,2
please,2,2020-11-03,9.2,1
please,2,2020-06-29,8.8,1
please,2,2020-10-13,9.0,1
please,2,2020-11-01,,1
please,2,2019-04-09,7.02,1
please,2,2020-09-27,,1
please,2,2019-09-13,7.91,1
please,2,2019-09-18,7.91,1
please,2,2020-03-26,8.7,1
please,2,2020-04-03,8.7,1
please,2,2019-08-08,7.7,2
please,2,2019-06-13,7.5,1
please,2,2019-09-28,7.91,1
please,2,2019-01-20,6.7,1
please,2,2019-03-04,,1
please,2,2019-06-19,7.6,1
please,2,2019-09-07,,1
please,2,2020-07-12,8.8,1
please,2,2019-06-02,7.5,1
please,2,2019-02-08,6.8,1
please,2,2020-08-04,8.8,3
please,2,2019-09-05,7.7,1
please,2,2020-09-10,,1
please,2,2020-01-24,8.2,1
please,2,2019-02-05,,1
please,2,2019-05-02,7.4,1
please,2,2020-07-10,,1
please,2,2020-08-20,8.8,1
please,2,2020-05-19,,1
please,2,2019-08-13,7.7,1
please,2,2019-11-29,8.2,1
please,2,2020-10-10,9.0,1
please,2,2019-04-29,7.4,1
please,2,2019-03-11,6.9,1
please,2,2019-03-05,6.9,1
please,2,2019-02-19,6.9,1
have,2,2020-11-03,9.2,1
have,2,2020-10-05,9.0,1
have,2,2020-08-20,8.8,1
have,2,2020-08-21,8.8,1
have,2,2020-06-27,8.8,2
have,2,2020-09-05,8.8,1
have,2,2019-07-28,7.7,1
have,2,2020-04-19,8.7,2
have,2,2020-04-17,8.7,1
have,2,2019-09-15,,1
have,2,2019-07-27,7.7,1
have,2,2019-11-14,8.0,1
have,2,2019-11-18,8.0,1
have,2,2019-10-20,8.0,2
have,2,2020-03-27,8.7,2
have,2,2020-04-15,,1
have,2,2020-04-10,,1
have,2,2019-08-30,,1
have,2,2019-12-29,8.2,1
have,2,2019-09-18,7.91,1
have,2,2020-04-03,8.7,1
have,2,2019-06-13,7.5,1
have,2,2019-08-10,7.7,1
have,2,2020-07-05,8.8,1
have,2,2020-08-07,,1
have,2,2019-06-12,7.5,1
have,2,2019-09-16,7.91,1
have,2,2020-07-12,8.8,1
have,2,2020-01-30,,1
have,2,2019-06-03,7.5,1
have,2,2020-03-18,8.2,1
have,2,2020-08-10,,1
have,2,2019-11-08,8.0,1
have,2,2020-05-28,,1
have,2,2019-06-25,7.7,1
have,2,2019-05-21,7.5,1
have,2,2019-02-10,6.8,1
...,2,2020-11-03,9.2,2
...,2,2020-10-06,9.0,1
...,2,2020-06-06,8.8,1
...,2,2020-08-18,8.8,2
...,2,2020-04-19,8.7,5
...,2,2020-05-08,8.8,1
...,2,2019-10-13,8.0,1
...,2,2019-04-24,7.4,2
...,2,2019-04-09,7.02,2
...,2,2020-03-31,,1
...,2,2019-06-13,7.5,1
...,2,2020-04-22,8.7,1
...,2,2019-01-30,6.7,1
...,2,2019-06-19,7.6,5
...,2,2019-03-01,6.9,1
...,2,2019-09-12,7.91,1
...,2,2019-09-07,,1
...,2,2020-07-12,8.8,1
...,2,2020-08-20,8.8,1
...,2,2020-05-28,8.8,1
...,2,2019-02-12,6.8,1
...,2,2019-12-03,8.2,1
...,2,2019-02-21,6.9,1
...,2,2020-02-28,8.2,1
...,2,2019-10-18,8.0,1
...,2,2019-04-29,7.4,2
...,2,2019-02-17,6.9,1
...,2,2019-01-20,6.6,1
first,2,2020-11-03,9.2,1
first,2,2019-04-17,,1
first,2,2020-02-25,8.2,1
first,2,2019-12-02,8.2,1
first,2,2019-02-08,6.8,1
was,2,2020-11-03,9.2,1
was,2,2019-07-27,7.7,1
was,2,2019-04-22,7.4,1
was,2,2019-05-21,7.5,1
was,2,2019-12-01,8.2,1
was,2,2019-04-27,7.4,1
was,2,2020-07-12,8.8,1
was,2,2020-09-27,9.0,1
was,2,2019-11-05,8.0,1
was,2,2020-03-11,8.2,2
successful,2,2020-11-03,9.2,1
successful,2,2020-09-11,9.0,1
now,2,2020-11-03,9.2,1
now,2,2020-10-12,9.0,1
now,2,2020-11-15,9.2,2
now,2,2020-08-20,8.8,2
now,2,2020-04-19,8.7,1
now,2,2019-11-18,8.0,1
now,2,2019-04-24,7.4,1
now,2,2019-11-22,,1
now,2,2019-06-12,7.5,1
now,2,2019-05-21,7.5,1
iam,2,2020-11-03,9.2,1
iam,2,2020-11-01,,1
iam,2,2020-08-18,8.8,1
iam,2,2020-08-23,8.8,1
iam,2,2019-09-10,7.91,2
unable,2,2020-11-03,9.2,1
unable,2,2020-10-05,9.0,1
unable,2,2020-07-24,8.8,1
unable,2,2020-04-30,8.7,1
unable,2,2019-09-09,7.91,1
unable,2,2020-03-27,8.7,1
unable,2,2019-09-10,7.91,1
unable,2,2019-04-27,7.4,1
unable,2,2020-03-28,,1
shows,2,2020-11-03,9.2,1
shows,2,2020-10-05,9.0,1
shows,2,2020-07-16,8.8,1
shows,2,2020-08-10,8.8,1
shows,2,2020-08-10,,1
shows,2,2020-06-12,8.8,1
shows,2,2019-01-10,6.7,1
shows,2,2020-05-08,8.8,1
shows,2,2019-04-24,7.4,1
shows,2,2019-04-09,7.02,1
shows,2,2019-04-22,7.4,1
shows,2,2019-09-18,7.91,1
shows,2,2019-06-13,7.5,1
shows,2,2020-11-14,9.2,1
shows,2,2019-05-21,7.5,1
shows,2,2019-04-10,7.02,1
error,2,2020-11-03,9.2,1
error,2,2020-10-05,9.0,1
error,2,2019-01-10,6.7,1
error,2,2019-09-18,7.91,2
error,2,2020-05-17,,1
error,2,2019-09-14,7.91,1
error,2,2019-09-06,7.7,1
error,2,2019-02-10,6.8,1
that,2,2020-11-03,9.2,1
that,2,2020-11-14,9.2,1
that,2,2020-08-20,8.8,2
that,2,2020-07-16,8.8,3
that,2,2020-08-07,8.8,3
that,2,2020-11-01,,1
that,2,2020-08-06,8.8,2
that,2,2020-08-11,8.8,3
that,2,2019-07-28,7.7,1
that,2,2019-11-14,8.0,1
that,2,2019-11-18,8.0,1
that,2,2019-08-14,7.7,1
that,2,2020-02-12,8.2,1
that,2,2020-05-08,8.8,1
that,2,2019-10-13,8.0,1
that,2,2019-04-24,7.4,1
that,2,2019-09-13,7.91,2
that,2,2019-11-22,,1
that,2,2020-07-05,8.8,1
that,2,2020-09-22,,1
that,2,2019-06-12,7.5,1
that,2,2020-05-05,8.8,1
that,2,2020-07-12,8.8,1
that,2,2020-08-04,8.8,1
that,2,2020-11-17,9.2,1
that,2,2020-01-09,8.2,1
that,2,2019-04-16,7.1,1
that,2,2019-04-18,,1
account,2,2020-11-03,9.2,1
account,2,2020-08-11,8.8,4
account,2,2020-09-05,8.8,1
account,2,2019-01-10,6.7,1
account,2,2019-12-03,8.2,1
account,2,2019-09-13,7.91,1
account,2,2020-03-26,8.7,1
account,2,2019-11-30,8.2,2
account,2,2019-06-12,7.5,2
account,2,2020-01-24,8.2,1
account,2,2019-12-13,8.2,2
account,2,2019-04-16,7.1,1
account,2,2019-02-18,6.9,1
verify,2,2020-10-05,9.0,1
verify,2,2019-01-10,6.7,1
verify,2,2020-06-17,8.8,1
verify,2,2020-05-18,8.8,1
verify,2,2019-05-24,7.5,1
email,2,2020-10-05,9.0,1
email,2,2019-10-20,8.0,1
email,2,2020-07-27,8.8,1
email,2,2018-12-20,,1
withdrawal,2,2020-10-05,9.0,1
withdrawal,2,2020-08-21,8.8,1
withdrawal,2,2019-07-27,7.7,1
withdrawal,2,2020-01-11,8.2,1
withdrawal,2,2020-02-12,8.2,1
withdrawal,2,2020-10-27,,1
withdrawal,2,2020-02-25,8.2,1
withdrawal,2,2020-10-30,9.2,1
withdrawal,2,2020-08-20,8.8,1
withdrawal,2,2020-05-19,,1
did,2,2020-10-05,9.0,1
did,2,2020-08-20,8.8,1
did,2,2020-06-29,8.8,1
did,2,2019-07-28,7.7,1
did,2,2020-04-19,8.7,1
did,2,2019-11-18,8.0,1
did,2,2019-12-03,8.2,1
did,2,2020-08-07,,1
did,2,2019-12-31,8.2,1
did,2,2019-03-01,6.9,1
did,2,2019-02-21,6.9,2
did,2,2020-07-27,8.8,1
did,2,2020-03-18,8.2,1
did,2,2019-12-28,8.2,1
did,2,2020-08-23,,1
did,2,2019-10-02,8.0,1
did,2,2018-12-21,6.6,1
did,2,2019-12-08,8.2,1
did,2,2019-08-02,7.7,1
did,2,2019-06-25,7.7,1
did,2,2019-04-24,7.4,1
did,2,2019-02-17,6.9,1
get,2,2020-10-05,9.0,1
get,2,2020-08-20,8.8,1
get,2,2020-06-29,8.8,1
get,2,2020-07-16,8.8,2
get,2,2020-08-07,8.8,1
get,2,2020-08-10,8.8,1
get,2,2020-07-24,8.8,1
get,2,2020-09-05,8.8,1
get,2,2019-12-03,8.2,1
get,2,2020-09-27,,2
get,2,2019-11-22,,1
get,2,2019-01-30,6.7,1
get,2,2019-12-31,8.2,1
get,2,2020-07-27,8.8,1
get,2,2020-05-14,8.8,1
get,2,2019-02-08,6.8,1
get,2,2020-05-28,8.8,1
get,2,2020-06-14,,1
get,2,2020-03-18,8.2,1
get,2,2020-05-21,8.8,2
get,2,2019-12-28,8.2,1
get,2,2019-10-02,8.0,1
get,2,2019-11-21,8.0,1
get,2,2020-03-28,8.7,1
get,2,2019-05-26,7.5,1
get,2,2019-12-08,8.2,1
get,2,2019-11-07,8.0,1
get,2,2020-04-20,8.7,1
get,2,2020-05-18,8.8,1
get,2,2020-03-26,8.7,1
get,2,2020-11-17,9.2,1
get,2,2019-02-17,6.9,1
mail,2,2020-10-05,9.0,1
mail,2,2020-04-19,8.7,1
mail,2,2019-09-06,7.7,1
earning,2,2020-10-12,9.0,1
earning,2,2020-10-06,9.0,1
earning,2,2020-08-21,8.8,1
earning,2,2020-04-03,8.7,1
earning,2,2019-12-31,8.2,1
earning,2,2020-04-29,8.7,1
earning,2,2020-09-30,9.0,1
earning,2,2020-08-23,,1
earning,2,2020-09-21,9.0,1
earning,2,2020-09-11,,1
earning,2,2020-09-11,9.0,1
earning,2,2020-02-15,8.2,1
earning,2,2020-05-19,,1
earning,2,2020-04-30,8.8,1
earning,2,2020-01-09,8.2,1
its,2,2020-10-12,9.0,1
its,2,2020-06-27,8.8,1
its,2,2020-08-18,8.8,1
its,2,2019-07-27,7.7,1
its,2,2019-11-18,8.0,1
its,2,2019-09-09,7.91,2
its,2,2019-09-18,7.91,1
its,2,2020-05-02,,1
its,2,2019-11-30,8.2,1
its,2,2019-09-25,7.91,1
its,2,2019-09-14,7.91,1
its,2,2020-04-29,8.7,1
its,2,2020-08-20,8.8,1
its,2,2019-11-09,8.0,1
its,2,2019-12-03,8.2,1
its,2,2019-04-29,7.4,1
its,2,2020-01-09,8.2,1
its,2,2019-04-07,7.02,1
its,2,2019-02-17,6.9,1
its,2,2019-02-10,6.8,1
offers,2,2020-10-12,9.0,1
offers,2,2020-07-16,8.8,1
offers,2,2020-06-12,8.8,2
offers,2,2020-09-02,,1
offers,2,2020-02-12,8.2,2
offers,2,2020-08-23,8.8,1
offers,2,2020-03-27,8.7,3
offers,2,2020-04-03,8.7,2
offers,2,2019-11-22,,1
offers,2,2020-02-25,8.2,2
offers,2,2020-01-16,8.2,1
offers,2,2019-12-26,8.2,1
are,2,2020-10-12,9.0,1
are,2,2020-08-13,,1
are,2,2020-08-10,8.8,1
are,2,2020-04-19,8.7,1
are,2,2020-04-17,8.7,1
are,2,2019-11-14,8.0,1
are,2,2020-05-14,8.8,2
are,2,2019-09-07,7.7,1
are,2,2020-09-02,,1
are,2,2020-03-23,8.2,3
are,2,2020-02-12,8.2,2
are,2,2019-10-13,8.0,2
are,2,2019-11-08,8.0,2
are,2,2019-11-04,8.0,1
are,2,2019-06-12,7.5,1
are,2,2020-02-05,,1
are,2,2019-10-06,8.0,1
are,2,2020-01-30,,1
are,2,2020-04-24,8.7,1
are,2,2019-11-10,,1
are,2,2019-07-21,7.7,1
need,2,2020-11-14,9.2,1
need,2,2019-06-02,7.5,1
need,2,2019-11-08,8.0,1
need,2,2020-08-05,8.8,1
need,2,2019-12-07,,1
need,2,2020-01-13,,1
takes,2,2020-11-14,9.2,1
takes,2,2019-02-01,6.8,1
takes,2,2020-04-03,8.7,1
about,2,2020-11-14,9.2,1
about,2,2019-10-20,8.0,1
videos,2,2020-11-15,9.2,1
videos,2,2019-12-29,8.2,1
videos,2,2020-04-26,8.7,1
loved,2,2020-11-15,9.2,1
much,2,2020-11-15,9.2,1
much,2,2020-06-06,8.8,1
much,2,2020-08-07,8.8,1
much,2,2020-04-17,8.7,1
much,2,2019-04-25,7.4,1
much,2,2020-04-10,,1
much,2,2020-09-27,,1
much,2,2020-03-14,8.2,1
much,2,2020-09-23,9.0,1
useless,2,2020-11-15,9.2,1
fake,2,2020-10-25,9.2,1
fake,2,2020-08-07,8.8,1
fake,2,2019-07-28,7.7,1
fake,2,2019-07-27,7.7,1
fake,2,2019-10-13,8.0,1
fake,2,2019-06-03,7.5,1
fake,2,2020-08-05,8.8,1
fake,2,2020-05-06,8.8,1
fake,2,2020-04-03,8.2,1
fake,2,2019-04-29,7.4,1
fake,2,2020-01-09,8.2,1
fake,2,2019-04-21,7.4,1
fake,2,2019-02-17,6.9,1
fake,2,2019-03-11,6.9,1
fake,2,2019-02-20,6.9,1
fake,2,2019-02-01,6.7,1
fake,2,2020-06-19,,2
fake,2,2020-09-16,,1
fake,2,2020-08-09,,1
transferred,2,2020-10-25,9.2,1
transferred,2,2019-10-13,8.0,2
transferred,2,2020-07-12,8.8,1
transferred,2,2019-11-05,8.0,1
day,2,2020-10-06,9.0,2
day,2,2020-11-03,9.2,1
day,2,2020-08-21,8.8,2
day,2,2020-08-13,,1
day,2,2020-04-19,8.7,1
day,2,2019-09-15,,1
day,2,2019-09-07,7.7,1
day,2,2020-02-12,8.2,2
day,2,2020-09-27,,1
day,2,2020-05-02,,1
day,2,2019-11-22,,1
day,2,2019-02-03,6.8,1
day,2,2019-04-07,7.02,1
day,2,2019-01-20,6.6,1
after,2,2020-10-06,9.0,1
after,2,2020-06-29,8.8,1
after,2,2020-08-21,8.8,2
after,2,2020-08-07,8.8,1
after,2,2020-08-10,8.8,1
after,2,2020-07-24,8.8,1
after,2,2020-08-18,8.8,1
after,2,2019-07-28,7.7,1
after,2,2020-04-19,8.7,1
after,2,2019-07-27,7.7,1
after,2,2020-05-14,8.8,1
after,2,2019-09-07,7.7,1
after,2,2019-09-07,,1
after,2,2019-10-20,8.0,1
after,2,2020-04-15,,1
after,2,2019-06-18,7.5,1
after,2,2020-04-30,8.7,1
after,2,2019-04-24,7.4,1
after,2,2019-09-09,7.91,1
after,2,2019-04-09,7.02,1
after,2,2019-04-22,7.4,2
after,2,2019-09-13,7.91,1
after,2,2020-04-17,8.7,1
after,2,2019-08-08,7.7,1
after,2,2020-04-22,,1
after,2,2019-11-22,,1
after,2,2019-06-13,7.5,1
after,2,2020-06-12,8.8,1
after,2,2019-01-20,6.7,2
after,2,2019-03-04,,1
after,2,2019-08-10,7.7,1
after,2,2019-04-17,,1
after,2,2019-07-06,7.6,1
after,2,2020-09-19,9.0,1
after,2,2019-05-21,7.5,2
after,2,2019-06-12,7.5,1
after,2,2019-09-10,7.91,1
after,2,2020-02-25,8.2,1
after,2,2019-02-21,6.9,1
after,2,2019-09-12,7.91,1
after,2,2020-08-28,,1
after,2,2019-05-07,7.4,1
after,2,2019-09-05,7.7,1
after,2,2019-02-12,6.8,1
after,2,2019-12-28,8.2,1
after,2,2019-02-05,,1
after,2,2020-05-21,8.8,1
after,2,2018-12-21,6.6,1
after,2,2019-01-16,6.7,1
after,2,2019-04-23,7.4,1
after,2,2019-05-12,7.5,1
after,2,2019-04-29,7.4,1
after,2,2019-04-16,7.1,1
after,2,2019-03-08,6.9,1
after,2,2019-03-11,6.9,1
after,2,2019-03-05,6.9,1
after,2,2019-02-19,6.9,1
after,2,2019-04-18,,3
level,2,2020-10-06,9.0,1
....,2,2020-10-06,9.0,1
....,2,2020-08-18,8.8,1
....,2,2020-04-19,8.7,2
....,2,2019-12-03,8.2,1
....,2,2020-04-30,8.8,1
....,2,2020-06-12,8.8,1
....,2,2019-04-17,,1
....,2,2019-10-18,8.0,2
very,2,2020-10-06,9.0,1
very,2,2020-08-07,8.8,1
very,2,2020-07-16,8.8,1
very,2,2020-07-24,8.8,1
very,2,2019-11-14,8.0,1
very,2,2020-09-02,,1
very,2,2020-07-18,8.8,1
very,2,2020-03-27,8.7,1
very,2,2020-09-27,,2
very,2,2019-04-22,7.4,1
very,2,2020-03-31,,1
very,2,2020-04-03,8.7,1
very,2,2020-03-15,8.2,1
very,2,2020-05-09,8.8,2
very,2,2020-06-12,8.8,1
very,2,2020-02-04,8.2,1
very,2,2019-04-17,,2
very,2,2019-04-17,7.1,1
very,2,2020-09-19,9.0,1
very,2,2020-04-02,,2
very,2,2020-10-27,,1
very,2,2019-06-19,7.6,2
very,2,2020-02-25,8.2,2
very,2,2020-10-01,9.0,1
very,2,2019-10-02,8.0,1
very,2,2020-06-02,8.8,1
very,2,2020-04-30,8.7,1
very,2,2020-02-15,8.2,1
very,2,2019-05-14,7.5,1
very,2,2019-02-21,6.9,1
very,2,2020-03-14,8.2,1
very,2,2020-06-07,8.8,1
very,2,2020-01-30,8.2,1
very,2,2020-01-04,8.2,1
very,2,2020-01-05,8.2,1
very,2,2020-03-13,8.2,1
very,2,2019-09-12,7.91,1
very,2,2019-07-21,7.7,2
very,2,2019-07-16,7.7,1
very,2,2019-05-24,7.5,3
very,2,2019-03-20,7.02,1
bad,2,2020-10-06,9.0,1
bad,2,2020-07-16,8.8,1
bad,2,2020-07-18,8.8,1
bad,2,2020-08-23,8.8,1
bad,2,2020-03-27,8.7,1
bad,2,2019-04-09,7.02,1
bad,2,2019-04-17,,2
bad,2,2019-04-17,7.1,1
bad,2,2020-08-07,,1
bad,2,2020-05-08,8.8,1
bad,2,2019-06-19,7.6,1
bad,2,2020-09-27,9.0,1
bad,2,2020-07-09,8.8,1
bad,2,2020-05-09,8.8,1
bad,2,2020-08-16,8.8,1
bad,2,2019-01-04,,1
bad,2,2019-06-11,7.6,1
bad,2,2019-06-23,7.6,1
bad,2,2020-08-10,8.8,1
bad,2,2020-07-12,8.8,1
bad,2,2020-08-12,8.8,1
bad,2,2020-03-26,8.7,1
bad,2,2019-05-24,7.5,1
bad,2,2019-04-21,7.4,1
bad,2,2019-03-20,7.02,1
bad,2,2018-12-28,6.6,1
bad,2,2020-01-30,,1
bad,2,2020-04-10,,1
balance,2,2020-11-03,9.2,1
balance,2,2019-09-18,7.91,1
balance,2,2018-12-23,6.6,2
balance,2,2019-12-26,8.2,1
balance,2,2019-12-13,8.2,2
balance,2,2019-01-20,6.6,1
solve,2,2020-11-03,9.2,2
solve,2,2020-10-13,9.0,1
solve,2,2020-11-01,,1
solve,2,2020-07-09,8.8,1
solve,2,2019-09-09,7.91,1
solve,2,2019-09-13,7.91,1
solve,2,2020-05-02,,1
solve,2,2020-05-17,,1
solve,2,2019-03-04,,1
solve,2,2020-04-23,,1
solve,2,2019-05-21,7.5,1
solve,2,2019-09-12,7.91,1
solve,2,2019-02-05,,1
solve,2,2020-05-19,,1
you,2,2020-08-20,8.8,2
you,2,2020-06-06,8.8,1
you,2,2020-08-07,8.8,2
you,2,2020-07-16,8.8,1
you,2,2020-04-19,8.7,2
you,2,2019-11-14,8.0,2
you,2,2019-04-25,7.4,3
you,2,2020-09-27,,1
you,2,2019-06-19,7.6,1
you,2,2019-03-01,6.9,2
you,2,2020-08-06,8.8,1
you,2,2020-01-30,,1
you,2,2019-06-03,7.5,1
you,2,2020-04-24,8.7,2
you,2,2020-03-28,8.7,1
guys,2,2020-08-20,8.8,1
guys,2,2020-09-16,9.0,1
guys,2,2020-04-03,8.2,1
used,2,2020-08-20,8.8,1
used,2,2020-08-13,,1
used,2,2019-02-21,6.9,1
used,2,2019-04-24,7.4,1
installing,2,2020-08-20,8.8,1
installing,2,2020-07-16,8.8,1
installing,2,2020-03-23,8.2,1
installing,2,2020-04-17,8.7,1
installing,2,2020-06-12,8.8,1
apps,2,2020-08-20,8.8,1
apps,2,2020-07-16,8.8,1
apps,2,2020-08-10,8.8,1
apps,2,2019-07-28,7.7,1
apps,2,2020-04-19,8.7,1
apps,2,2019-11-18,8.0,1
apps,2,2020-03-23,8.2,1
apps,2,2020-04-10,,2
apps,2,2020-04-17,8.7,1
apps,2,2020-06-12,8.8,1
apps,2,2019-11-08,8.0,2
apps,2,2020-07-10,,1
apps,2,2019-12-31,8.2,2
apps,2,2019-11-10,,1
apps,2,2019-12-26,8.2,1
apps,2,2019-06-25,7.7,1
apps,2,2019-02-18,6.9,1
apps,2,2019-04-21,6.9,1
apps,2,2019-01-02,6.6,1
apps,2,2018-12-28,6.6,1
days,2,2020-08-20,8.8,3
days,2,2020-08-21,8.8,1
days,2,2020-08-13,,3
days,2,2020-04-19,8.7,1
days,2,2020-04-17,8.7,1
days,2,2019-07-27,7.7,1
days,2,2019-11-18,8.0,1
days,2,2019-10-20,8.0,1
days,2,2019-04-25,7.4,1
days,2,2020-04-10,,1
days,2,2019-08-30,,1
days,2,2019-12-03,8.2,2
days,2,2019-09-09,7.91,1
days,2,2019-01-20,6.7,1
days,2,2020-10-30,9.2,1
days,2,2020-08-23,,1
days,2,2019-10-18,8.0,1
more,2,2020-08-20,8.8,1
more,2,2019-04-25,7.4,1
more,2,2019-04-24,7.4,1
more,2,2020-04-03,8.7,1
more,2,2020-07-05,8.8,1
more,2,2020-03-16,,1
more,2,2019-05-14,7.4,1
more,2,2020-03-08,8.2,1
more,2,2019-07-21,7.7,1
more,2,2019-04-10,7.02,1
than,2,2020-08-20,8.8,1
than,2,2019-04-24,7.4,1
than,2,2019-04-17,,1
than,2,2020-05-06,8.8,1
than,2,2019-07-21,7.7,1
your,2,2020-08-20,8.8,2
your,2,2020-08-07,8.8,2
your,2,2020-04-17,8.7,3
your,2,2019-09-15,,1
your,2,2020-09-27,,2
your,2,2019-11-04,8.0,1
your,2,2019-03-01,6.9,1
your,2,2020-07-12,8.8,1
been,2,2020-08-20,8.8,3
been,2,2020-09-05,8.8,1
been,2,2020-04-19,8.7,1
been,2,2019-11-18,8.0,1
been,2,2019-04-24,7.4,1
been,2,2019-11-22,,1
been,2,2019-08-10,7.7,1
know,2,2020-08-20,8.8,1
know,2,2020-07-16,8.8,1
know,2,2020-06-27,8.8,1
know,2,2019-04-27,7.4,1
know,2,2020-06-14,,1
know,2,2020-08-05,8.8,1
know,2,2020-04-01,,1
some,2,2020-08-20,8.8,1
some,2,2020-06-06,8.8,1
some,2,2020-08-21,8.8,1
some,2,2020-07-16,8.8,2
some,2,2020-08-10,8.8,1
some,2,2020-07-24,8.8,1
some,2,2020-04-17,8.7,1
some,2,2019-11-18,8.0,1
some,2,2020-03-23,8.2,1
some,2,2020-01-11,8.2,1
some,2,2020-04-30,8.7,1
some,2,2020-04-30,,1
some,2,2020-04-03,8.7,1
some,2,2019-12-31,8.2,1
some,2,2019-11-10,,1
some,2,2020-01-18,8.2,1
some,2,2019-12-26,8.2,1
n't,2,2020-08-20,8.8,1
n't,2,2020-06-29,8.8,1
n't,2,2020-07-16,8.8,1
n't,2,2020-06-27,8.8,1
n't,2,2020-11-01,,2
n't,2,2019-07-28,7.7,1
n't,2,2020-04-19,8.7,3
n't,2,2019-11-18,8.0,3
n't,2,2020-05-14,8.8,1
n't,2,2020-02-12,8.2,1
n't,2,2020-05-08,8.8,1
n't,2,2019-06-18,7.5,1
n't,2,2019-12-03,8.2,1
n't,2,2019-12-29,8.2,1
n't,2,2019-09-13,7.91,1
n't,2,2019-01-30,6.7,1
n't,2,2020-08-07,,1
n't,2,2019-12-31,8.2,1
n't,2,2020-07-03,,1
n't,2,2019-09-06,7.7,2
n't,2,2019-06-19,7.6,2
n't,2,2019-05-14,7.4,1
n't,2,2020-07-27,8.8,1
n't,2,2019-09-16,7.91,1
n't,2,2019-06-02,7.5,1
n't,2,2019-06-03,7.5,1
n't,2,2020-03-18,8.2,2
n't,2,2020-08-10,,1
n't,2,2020-08-23,,1
n't,2,2020-03-15,8.2,1
n't,2,2020-09-16,9.0,1
n't,2,2020-05-21,8.8,1
n't,2,2019-12-08,8.2,1
n't,2,2020-01-16,8.2,1
n't,2,2019-08-02,7.7,1
n't,2,2019-06-25,7.7,1
n't,2,2019-04-24,7.4,1
n't,2,2019-02-27,6.9,1
n't,2,2019-02-17,6.9,1
n't,2,2019-11-05,,1
has,2,2020-08-20,8.8,2
has,2,2020-08-11,8.8,1
has,2,2020-09-05,8.8,1
has,2,2020-04-17,8.7,2
has,2,2019-05-02,7.4,1
has,2,2020-02-15,8.2,1
has,2,2019-04-07,7.02,1
showing,2,2020-08-20,8.8,1
showing,2,2020-06-27,8.8,1
showing,2,2020-11-01,,1
showing,2,2019-10-13,8.0,1
showing,2,2019-09-18,7.91,1
showing,2,2020-05-06,8.8,2
showing,2,2019-09-10,7.91,1
showing,2,2019-05-07,7.4,1
transfer,2,2020-08-20,8.8,1
transfer,2,2020-10-13,9.0,1
transfer,2,2020-09-05,8.8,1
transfer,2,2019-08-14,7.7,1
transfer,2,2020-09-02,,1
transfer,2,2019-04-25,7.4,1
transfer,2,2019-04-24,7.4,1
transfer,2,2020-03-31,,2
transfer,2,2019-09-13,7.91,1
transfer,2,2020-03-26,8.7,1
transfer,2,2019-08-08,7.7,1
transfer,2,2019-01-20,6.7,2
transfer,2,2020-02-04,8.2,1
transfer,2,2019-08-10,7.7,1
transfer,2,2019-06-12,7.5,1
transfer,2,2019-09-16,7.91,1
transfer,2,2019-09-07,,1
transfer,2,2019-09-07,7.7,1
transfer,2,2020-07-16,8.8,1
transfer,2,2019-01-16,6.7,1
transfer,2,2019-05-21,7.5,1
transfer,2,2019-05-12,7.5,1
transfer,2,2019-04-07,7.02,1
transfer,2,2019-03-08,6.9,1
transfer,2,2019-03-11,6.9,1
transfer,2,2019-02-18,6.9,1
soon,2,2020-08-20,8.8,1
soon,2,2019-04-24,7.4,1
watching,2,2020-06-06,8.8,2
watching,2,2020-08-06,8.8,1
watching,2,2019-07-28,7.7,1
watching,2,2020-03-27,8.7,1
watching,2,2020-04-26,8.7,1
watching,2,2020-04-22,8.7,1
watching,2,2020-05-21,8.8,1
less,2,2020-06-06,8.8,1
less,2,2020-08-07,8.8,1
less,2,2020-10-01,9.0,1
less,2,2019-07-21,7.7,2
only,2,2020-06-06,8.8,1
only,2,2020-06-27,8.8,2
only,2,2020-08-07,8.8,1
only,2,2020-08-06,8.8,2
only,2,2020-08-18,8.8,1
only,2,2020-04-17,8.7,1
only,2,2020-05-14,8.8,1
only,2,2020-02-12,8.2,1
only,2,2019-04-25,7.4,1
only,2,2020-03-27,8.7,1
only,2,2020-05-08,8.8,1
only,2,2019-06-18,7.5,1
only,2,2019-11-22,,1
only,2,2019-08-10,7.7,1
only,2,2019-10-22,,3
only,2,2019-11-08,8.0,1
only,2,2020-07-10,,1
only,2,2020-03-16,,1
only,2,2019-06-12,7.5,1
only,2,2020-09-30,9.0,1
only,2,2020-05-28,8.8,1
only,2,2020-09-10,,1
only,2,2020-05-21,8.8,1
only,2,2019-10-18,8.0,1
only,2,2019-07-21,7.7,1
only,2,2019-03-21,,1
paisa,2,2020-06-06,8.8,1
paisa,2,2020-10-08,9.0,1
should,2,2020-06-06,8.8,1
should,2,2020-08-11,8.8,1
should,2,2020-01-30,,1
should,2,2020-03-08,8.2,1
should,2,2019-07-21,7.7,1
increase,2,2020-06-06,8.8,1
increase,2,2019-06-04,7.5,1
sometimes,2,2020-06-06,8.8,1
sometimes,2,2020-07-16,8.8,2
sometimes,2,2020-04-15,,1
sometimes,2,2020-07-20,8.8,1
playing,2,2020-06-06,8.8,1
playing,2,2020-04-20,8.7,1
playing,2,2020-04-29,8.7,1
ads,2,2020-06-06,8.8,1
ads,2,2019-07-28,7.7,1
ads,2,2020-08-06,8.8,1
one,2,2020-06-06,8.8,1
one,2,2020-08-21,8.8,1
one,2,2020-06-27,8.8,1
one,2,2020-08-07,8.8,2
one,2,2020-08-13,,1
one,2,2020-08-11,8.8,2
one,2,2019-11-14,8.0,1
one,2,2020-05-08,8.8,1
one,2,2019-06-18,7.5,1
one,2,2019-11-08,8.0,1
one,2,2019-02-21,6.9,1
take,2,2020-06-06,8.8,1
take,2,2020-08-07,8.8,1
take,2,2020-01-11,8.2,1
take,2,2020-06-14,,1
thank,2,2020-06-06,8.8,1
thank,2,2020-01-24,,1
refer,2,2020-06-29,8.8,1
refer,2,2019-02-01,6.8,1
refer,2,2020-03-18,8.2,1
refer,2,2020-03-28,8.7,1
refer,2,2019-05-26,7.5,1
refer,2,2020-06-02,8.8,1
refer,2,2019-09-01,7.7,1
refer,2,2019-11-28,8.2,1
refer,2,2020-05-18,8.8,1
refer,2,2019-11-29,8.2,1
refer,2,2019-01-06,6.6,1
refer,2,2020-08-07,8.8,1
friends,2,2020-06-29,8.8,1
friends,2,2019-02-01,6.8,1
friends,2,2019-06-19,7.6,1
rewards,2,2020-06-29,8.8,1
rewards,2,2020-08-13,,1
rewards,2,2020-07-24,8.8,1
rewards,2,2020-05-14,8.8,1
rewards,2,2019-10-20,8.0,1
rewards,2,2020-04-12,,1
even,2,2020-06-29,8.8,1
even,2,2020-08-10,8.8,1
even,2,2019-07-28,7.7,2
even,2,2019-11-18,8.0,1
even,2,2020-04-15,,1
even,2,2020-04-17,8.7,1
even,2,2020-04-22,,1
even,2,2019-01-30,6.7,1
even,2,2020-09-19,9.0,1
even,2,2020-11-14,9.2,1
even,2,2019-09-06,7.7,1
even,2,2019-05-07,7.4,1
even,2,2020-08-30,9.0,1
bug,2,2020-06-29,8.8,1
bug,2,2019-11-10,,1
otherwise,2,2020-06-29,8.8,1
otherwise,2,2019-04-25,7.4,1
otherwise,2,2019-09-13,7.91,1
going,2,2020-06-29,8.8,1
going,2,2020-06-27,8.8,1
disgusting,2,2020-06-29,8.8,1
disgusting,2,2019-06-19,7.6,1
application,2,2020-06-29,8.8,1
application,2,2020-04-17,8.7,1
application,2,2020-07-22,,1
application,2,2020-04-03,8.2,1
application,2,2019-01-29,6.7,1
nice,2,2020-08-21,8.8,1
nice,2,2020-09-27,,2
nice,2,2020-04-03,8.7,1
nice,2,2020-02-04,8.2,1
nice,2,2020-01-18,8.2,1
nice,2,2020-08-16,8.8,1
nice,2,2019-02-21,6.9,1
nice,2,2020-01-10,,1
nice,2,2020-07-06,8.8,1
nice,2,2020-07-26,8.8,1
nice,2,2020-07-21,8.8,1
nice,2,2020-04-30,8.7,1
nice,2,2020-03-28,8.7,1
nice,2,2020-04-01,8.7,1
nice,2,2020-01-12,8.2,2
nice,2,2020-01-12,,1
nice,2,2019-12-27,8.2,1
nice,2,2019-12-04,8.2,1
nice,2,2020-01-04,8.2,1
nice,2,2019-12-03,8.2,1
nice,2,2020-03-06,8.2,1
nice,2,2019-09-20,7.91,1
nice,2,2019-08-14,7.7,1
nice,2,2019-08-24,7.7,1
nice,2,2019-09-01,7.7,1
nice,2,2019-05-13,7.5,1
nice,2,2019-05-12,7.4,1
nice,2,2019-04-21,6.9,1
nice,2,2019-02-14,6.9,1
nice,2,2019-01-16,6.7,1
nice,2,2019-11-22,,1
nice,2,2020-09-08,,1
nice,2,2020-06-16,,1
nice,2,2019-02-20,,1
nice,2,2019-04-17,,1
process,2,2020-08-21,8.8,1
process,2,2019-04-09,7.02,1
process,2,2020-05-09,8.8,1
process,2,2020-04-02,,1
few,2,2020-08-21,8.8,1
few,2,2019-07-27,7.7,1
few,2,2020-04-30,8.8,1
few,2,2020-02-25,8.2,1
few,2,2020-02-15,8.2,1
ago,2,2020-08-21,8.8,1
ago,2,2020-09-05,8.8,1
ago,2,2019-10-18,8.0,1
plzz,2,2020-08-21,8.8,1
plzz,2,2019-11-14,8.0,1
plzz,2,2019-09-05,7.7,1
plzz,2,2020-07-30,8.8,1
plzz,2,2019-04-22,7.4,1
them,2,2020-08-21,8.8,1
them,2,2020-08-10,8.8,1
them,2,2020-04-19,8.7,1
them,2,2020-04-10,,1
them,2,2020-06-14,,1
all,2,2020-08-21,8.8,2
all,2,2020-07-16,8.8,1
all,2,2020-06-12,8.8,2
all,2,2019-11-18,8.0,1
all,2,2019-09-07,7.7,1
all,2,2019-10-20,8.0,1
all,2,2019-04-22,7.4,1
all,2,2020-08-07,,1
all,2,2019-09-10,7.91,1
all,2,2020-05-14,8.8,1
all,2,2019-05-07,7.4,1
all,2,2019-11-08,8.0,1
all,2,2019-04-07,7.02,1
all,2,2019-04-18,,1
gud,2,2020-08-21,8.8,1
gud,2,2019-11-10,,1
gud,2,2019-12-02,8.2,1
best,2,2020-10-13,9.0,1
best,2,2019-08-14,7.7,1
best,2,2020-09-27,,1
best,2,2020-01-09,8.2,1
best,2,2020-08-31,,1
hone,2,2020-10-13,9.0,1
baad,2,2020-10-13,9.0,1
baad,2,2019-10-18,8.0,2
baad,2,2019-05-12,7.5,1
gaya,2,2020-10-13,9.0,1
gaya,2,2020-06-07,8.8,1
gaya,2,2019-12-13,8.2,1
why,2,2020-10-13,9.0,1
why,2,2020-07-16,8.8,1
why,2,2020-08-10,8.8,2
why,2,2020-08-06,8.8,1
why,2,2019-12-29,8.2,1
why,2,2020-03-26,8.7,1
why,2,2019-11-30,8.2,1
why,2,2020-07-05,8.8,1
why,2,2019-07-06,7.6,1
why,2,2020-05-08,8.8,1
why,2,2019-04-27,7.4,1
why,2,2019-03-01,6.9,1
why,2,2019-05-14,7.4,1
why,2,2020-05-05,8.8,1
why,2,2020-01-30,,1
why,2,2020-04-24,8.7,1
why,2,2018-12-21,6.6,1
why,2,2019-02-03,6.8,1
why,2,2019-04-23,7.4,1
why,2,2019-04-29,7.4,1
offer,2,2020-07-16,8.8,3
offer,2,2019-09-15,,1
offer,2,2020-05-14,8.8,1
offer,2,2020-03-23,8.2,1
offer,2,2020-01-11,8.2,2
offer,2,2019-12-29,8.2,1
offer,2,2020-07-20,8.8,1
offer,2,2020-04-03,8.7,1
offer,2,2019-02-08,6.8,1
offer,2,2020-03-15,8.2,2
offer,2,2020-10-10,9.0,1
offer,2,2019-07-28,7.7,1
complete,2,2020-07-16,8.8,2
complete,2,2020-11-01,,1
complete,2,2020-08-10,8.8,1
complete,2,2019-04-25,7.4,1
complete,2,2020-08-28,9.0,1
complete,2,2020-11-14,9.2,1
complete,2,2020-03-16,,1
complete,2,2019-04-27,7.4,1
complete,2,2019-05-07,7.4,1
complete,2,2019-11-08,8.0,1
complete,2,2020-10-10,9.0,1
complete,2,2019-05-24,7.5,1
added,2,2020-07-16,8.8,1
added,2,2019-04-24,7.4,1
added,2,2020-06-06,8.8,1
pending,2,2020-07-16,8.8,2
pending,2,2020-08-18,8.8,1
pending,2,2020-06-12,8.8,1
pending,2,2019-10-20,8.0,1
pending,2,2019-11-04,8.0,1
pending,2,2020-07-10,,1
pending,2,2020-07-10,,1
pending,2,2020-11-14,9.2,1
pending,2,2019-12-30,8.2,1
pending,2,2019-10-18,8.0,2
pending,2,2019-05-24,7.5,1
show,2,2020-07-16,8.8,1
show,2,2019-07-28,7.7,1
show,2,2019-09-07,7.7,1
show,2,2019-09-07,,2
show,2,2019-06-18,7.5,1
show,2,2019-08-30,,1
show,2,2019-12-29,8.2,1
show,2,2019-08-08,7.7,1
show,2,2020-05-17,,1
show,2,2019-07-06,7.6,1
show,2,2019-04-22,7.4,1
show,2,2019-01-16,6.7,1
show,2,2019-05-21,7.5,1
show,2,2019-03-05,6.9,1
failed,2,2020-07-16,8.8,1
reward,2,2020-07-16,8.8,1
reward,2,2020-06-27,8.8,1
reward,2,2020-08-13,,1
reward,2,2019-11-14,8.0,1
reward,2,2019-12-29,8.2,1
reward,2,2020-04-20,8.7,1
reward,2,2020-08-07,,1
reward,2,2020-09-22,,2
reward,2,2019-02-08,6.8,1
reward,2,2020-01-18,8.2,1
......,2,2020-07-16,8.8,1
......,2,2020-08-07,8.8,1
......,2,2020-08-06,8.8,1
waste,2,2020-07-16,8.8,1
waste,2,2019-08-14,7.7,1
waste,2,2019-06-18,7.5,1
waste,2,2019-12-03,8.2,1
waste,2,2019-06-19,7.6,1
waste,2,2020-07-24,8.8,1
waste,2,2020-04-13,8.7,1
waste,2,2019-07-28,,1
waste,2,2020-09-18,,1
waste,2,2020-06-19,,1
aap,2,2020-06-27,8.8,1
aap,2,2020-08-07,8.8,1
aap,2,2019-04-17,,3
aap,2,2019-09-07,7.7,1
aap,2,2020-09-27,9.0,1
aap,2,2020-03-23,8.2,1
aap,2,2019-10-22,8.0,1
aap,2,2019-01-12,6.7,1
aap,2,2020-01-30,,1
what,2,2020-06-27,8.8,1
what,2,2019-07-28,7.7,1
what,2,2019-11-14,8.0,1
what,2,2020-08-28,9.0,1
what,2,2020-08-28,,1
what,2,2019-08-30,,1
what,2,2019-11-30,8.2,1
what,2,2019-09-25,7.91,1
what,2,2019-06-12,7.5,1
what,2,2020-01-30,,1
what,2,2019-02-08,6.8,1
what,2,2019-09-05,7.7,2
what,2,2019-11-05,8.0,1
what,2,2019-01-16,6.7,1
what,2,2020-03-20,8.2,1
what,2,2019-12-01,8.2,1
what,2,2019-11-28,8.2,1
what,2,2020-05-15,,1
what,2,2019-01-06,6.6,1
what,2,2020-05-03,8.8,1
what,2,2019-10-25,8.0,1
what,2,2019-02-20,6.9,1
installed,2,2020-06-27,8.8,2
installed,2,2020-08-13,,1
installed,2,2019-07-28,7.7,1
installed,2,2019-11-18,8.0,2
installed,2,2020-03-23,8.2,1
installed,2,2020-07-09,8.8,1
installed,2,2020-04-15,,1
installed,2,2020-04-12,,1
installed,2,2019-01-30,6.7,1
installed,2,2019-12-02,8.2,1
installed,2,2019-12-28,8.2,1
installed,2,2020-07-30,8.8,1
installed,2,2019-04-24,7.4,1
browse,2,2020-06-27,8.8,2
browse,2,2020-08-18,8.8,1
browse,2,2019-01-28,6.7,3
browse,2,2019-01-30,6.7,1
browse,2,2020-07-10,,1
daily,2,2020-06-27,8.8,2
daily,2,2020-05-14,8.8,1
think,2,2020-08-07,8.8,2
think,2,2019-12-03,8.2,1
think,2,2019-02-17,6.9,1
making,2,2020-08-07,8.8,1
will,2,2020-08-07,8.8,4
will,2,2020-07-16,8.8,1
will,2,2020-01-11,8.2,1
will,2,2019-04-25,7.4,1
will,2,2020-08-23,8.8,2
will,2,2020-07-20,8.8,1
will,2,2020-10-27,,1
will,2,2020-05-05,8.8,1
will,2,2020-07-12,8.8,1
will,2,2020-06-06,8.8,1
will,2,2020-05-28,8.8,1
will,2,2020-05-21,8.8,1
will,2,2019-11-21,8.0,1
will,2,2019-11-10,,1
will,2,2020-05-06,8.8,2
will,2,2020-03-28,8.7,1
will,2,2019-05-21,7.5,1
will,2,2019-04-16,7.1,1
will,2,2019-03-21,,1
two,2,2020-08-07,8.8,2
two,2,2020-04-17,8.7,2
two,2,2020-02-12,8.2,1
two,2,2020-08-23,8.8,1
two,2,2020-03-27,8.7,1
two,2,2020-09-27,,1
two,2,2019-04-24,7.4,1
two,2,2019-03-21,,1
review,2,2020-08-07,8.8,1
again,2,2020-08-07,8.8,1
again,2,2019-07-27,7.7,1
again,2,2019-08-10,7.7,1
again,2,2019-05-21,7.5,1
again,2,2019-09-07,,2
again,2,2019-09-05,7.7,2
again,2,2019-12-23,8.2,2
again,2,2019-04-16,7.1,2
tell,2,2020-08-07,8.8,1
tell,2,2019-03-01,6.9,1
tell,2,2019-02-08,6.8,1
tell,2,2020-05-28,8.8,1
tell,2,2019-02-05,,1
tell,2,2019-04-22,7.4,1
tell,2,2019-12-17,8.2,1
real,2,2020-08-07,8.8,1
self,2,2020-08-07,8.8,1
others,2,2020-08-07,8.8,1
task,2,2020-11-01,,2
task,2,2020-08-18,8.8,1
task,2,2019-07-28,7.7,1
task,2,2019-09-07,7.7,1
task,2,2019-10-20,8.0,1
task,2,2019-08-30,,1
task,2,2020-05-16,8.8,1
task,2,2019-02-21,6.9,1
task,2,2019-04-27,7.4,1
task,2,2019-11-21,8.0,1
instant,2,2020-11-01,,1
instant,2,2020-01-11,8.2,1
instant,2,2020-03-31,,1
experience,2,2020-07-16,8.8,1
experience,2,2020-08-06,8.8,1
dont,2,2020-07-16,8.8,1
dont,2,2019-07-27,7.7,1
dont,2,2019-04-27,7.4,1
dont,2,2019-02-12,6.8,1
dont,2,2019-05-26,7.5,1
dont,2,2019-12-22,8.2,1
dont,2,2019-08-13,7.7,1
dont,2,2019-04-29,7.4,1
dont,2,2020-08-14,,1
pay,2,2020-07-16,8.8,2
any,2,2020-07-16,8.8,1
any,2,2020-04-19,8.7,1
any,2,2020-04-17,8.7,2
any,2,2019-11-14,8.0,1
any,2,2019-11-18,8.0,1
any,2,2019-10-20,8.0,1
any,2,2019-12-29,8.2,1
any,2,2020-05-28,8.8,1
any,2,2019-11-22,,1
any,2,2019-01-28,6.7,2
any,2,2019-12-31,8.2,2
any,2,2020-08-18,8.8,1
any,2,2019-06-03,7.5,1
any,2,2019-10-02,8.0,1
any,2,2020-08-26,9.0,1
any,2,2020-03-15,8.2,1
any,2,2019-04-24,7.4,1
just,2,2020-07-16,8.8,1
just,2,2020-08-10,8.8,1
just,2,2020-04-17,8.7,1
just,2,2019-09-15,,1
just,2,2019-09-07,7.7,1
just,2,2020-03-27,8.7,1
just,2,2020-05-02,,1
just,2,2019-09-06,7.7,1
just,2,2019-05-02,7.4,1
then,2,2020-07-16,8.8,1
then,2,2019-04-25,7.4,1
then,2,2019-06-18,7.5,1
then,2,2019-06-12,7.5,1
then,2,2019-01-28,6.7,1
then,2,2019-09-07,7.7,1
then,2,2020-04-05,8.7,1
had,2,2020-08-13,,1
had,2,2020-04-19,8.7,1
had,2,2019-02-08,6.8,2
had,2,2020-04-24,8.7,1
opening,2,2020-08-10,8.8,1
opening,2,2020-08-10,,1
opening,2,2019-12-02,8.2,1
opening,2,2020-11-17,9.2,1
opening,2,2019-04-12,7.02,1
opening,2,2019-01-15,6.7,1
tasks,2,2020-08-10,8.8,1
tasks,2,2020-07-24,8.8,1
tasks,2,2020-08-18,8.8,1
tasks,2,2019-11-18,8.0,3
tasks,2,2020-04-03,8.7,1
tasks,2,2020-08-07,,1
tasks,2,2020-11-14,9.2,1
tasks,2,2019-09-10,7.91,1
tasks,2,2019-11-08,8.0,1
tasks,2,2019-10-02,8.0,1
tasks,2,2019-11-10,,1
tasks,2,2019-04-07,7.02,1
getting,2,2020-08-10,8.8,1
getting,2,2020-05-14,8.8,1
getting,2,2020-03-23,8.2,2
getting,2,2019-10-20,8.0,2
getting,2,2019-04-24,7.4,1
getting,2,2020-05-28,8.8,1
getting,2,2020-04-22,,1
getting,2,2019-12-31,8.2,1
getting,2,2020-02-25,8.2,1
getting,2,2020-08-28,,1
getting,2,2019-02-10,6.8,1
download,2,2020-08-10,8.8,1
download,2,2020-04-19,8.7,1
download,2,2020-04-17,8.7,1
download,2,2019-04-25,7.4,1
download,2,2020-04-23,,1
download,2,2020-05-06,8.8,1
download,2,2020-07-10,,1
download,2,2019-12-01,8.2,1
download,2,2020-05-05,8.8,2
download,2,2019-02-21,6.9,1
download,2,2020-06-06,8.8,1
download,2,2020-05-28,8.8,2
download,2,2020-08-04,8.8,2
download,2,2019-02-12,6.8,3
download,2,2020-05-21,8.8,1
download,2,2020-01-18,8.2,1
download,2,2019-01-29,6.7,1
download,2,2019-08-13,7.7,1
download,2,2020-08-14,,1
download,2,2020-06-07,8.8,1
download,2,2020-05-29,8.8,1
download,2,2019-05-24,7.5,1
use,2,2020-08-10,8.8,1
use,2,2020-09-27,,1
use,2,2020-07-06,8.8,1
use,2,2020-03-14,8.2,1
fast,2,2020-07-24,8.8,1
fast,2,2020-09-05,8.8,1
fast,2,2020-11-17,9.2,1
fast,2,2019-03-06,,1
slow,2,2020-07-24,8.8,1
slow,2,2020-03-23,8.2,1
slow,2,2019-02-01,6.8,1
slow,2,2020-03-15,8.2,1
slow,2,2020-05-09,8.8,1
slow,2,2020-02-04,8.2,1
slow,2,2020-04-02,,1
slow,2,2020-10-27,,1
slow,2,2020-05-31,8.8,1
slow,2,2020-03-11,8.2,1
slow,2,2019-07-16,7.7,1
completing,2,2020-07-24,8.8,1
completing,2,2020-08-18,8.8,1
completing,2,2020-05-14,8.8,1
gives,2,2020-08-06,8.8,1
gives,2,2019-10-22,,1
gives,2,2019-06-19,7.6,1
gives,2,2020-05-21,8.8,1
0.01,2,2020-08-06,8.8,1
rate,2,2020-08-06,8.8,1
star,2,2020-08-06,8.8,1
star,2,2020-08-23,8.8,1
star,2,2020-04-26,8.7,1
star,2,2020-06-07,8.8,1
star,2,2019-10-18,8.0,1
.....,2,2020-08-06,8.8,1
.....,2,2019-07-28,7.7,1
saying,2,2020-08-18,8.8,1
saying,2,2019-09-25,7.91,1
saying,2,2019-01-30,6.7,1
saying,2,2019-06-12,7.5,1
saying,2,2020-08-04,8.8,1
saying,2,2019-03-08,6.9,1
still,2,2020-08-18,8.8,2
still,2,2019-07-28,7.7,1
still,2,2020-04-19,8.7,2
still,2,2019-09-15,,1
still,2,2019-07-27,7.7,1
still,2,2019-09-07,7.7,1
still,2,2019-10-20,8.0,1
tells,2,2020-08-18,8.8,1
install,2,2020-08-18,8.8,1
install,2,2020-06-12,8.8,1
install,2,2019-11-14,8.0,1
install,2,2020-07-18,8.8,1
install,2,2020-04-10,,1
install,2,2020-03-15,8.2,1
install,2,2019-01-28,6.7,1
install,2,2019-06-19,7.6,1
install,2,2020-05-14,8.8,1
install,2,2020-06-06,8.8,1
install,2,2019-06-03,7.5,1
install,2,2020-03-18,8.2,1
install,2,2020-09-16,9.0,1
install,2,2020-05-09,8.8,1
install,2,2019-01-04,,1
install,2,2020-01-09,8.2,1
install,2,2019-12-30,8.2,1
register,2,2020-08-18,8.8,1
register,2,2020-08-11,8.8,1
register,2,2020-06-12,8.8,1
register,2,2019-01-10,6.7,1
register,2,2020-05-08,8.8,1
register,2,2020-05-21,8.8,1
details,2,2020-08-18,8.8,1
details,2,2020-06-17,8.8,1
doing,2,2020-08-18,8.8,1
doing,2,2019-07-27,7.7,1
doing,2,2019-09-25,7.91,1
telling,2,2020-08-18,8.8,1
giving,2,2020-08-11,8.8,1
giving,2,2020-04-26,8.7,1
giving,2,2020-06-12,8.8,1
giving,2,2020-05-16,8.8,2
giving,2,2019-02-12,6.8,2
giving,2,2019-10-18,8.0,1
giving,2,2019-07-21,7.7,1
way,2,2020-08-11,8.8,1
way,2,2019-08-14,7.7,1
way,2,2019-02-01,6.8,2
device,2,2020-08-11,8.8,1
device,2,2020-05-08,8.8,1
device,2,2020-04-26,8.7,1
phone,2,2020-08-11,8.8,3
want,2,2020-08-11,8.8,1
want,2,2019-08-14,7.7,1
want,2,2020-07-05,8.8,1
want,2,2019-04-29,7.4,1
want,2,2019-04-07,7.02,1
open,2,2020-08-11,8.8,1
open,2,2020-08-23,8.8,1
open,2,2019-01-28,6.7,1
open,2,2019-04-17,,1
open,2,2020-03-28,,1
open,2,2019-06-03,,1
open,2,2020-03-13,8.2,1
open,2,2019-05-24,7.5,1
open,2,2019-01-02,6.6,2
open,2,2018-12-20,,1
open,2,2020-07-15,,1
redeemed,2,2020-09-05,8.8,1
redeemed,2,2019-02-17,6.9,1
done,2,2020-09-05,8.8,1
done,2,2019-08-30,,1
response,2,2020-09-05,8.8,1
response,2,2019-10-20,8.0,1
response,2,2019-12-03,8.2,1
back,2,2020-09-05,8.8,1
reply,2,2020-09-05,8.8,1
reply,2,2019-09-06,7.7,1
reply,2,2019-02-12,6.8,1
reply,2,2019-05-02,7.4,1
worst,2,2020-06-12,8.8,1
worst,2,2019-03-01,6.9,1
worst,2,2019-04-27,7.4,1
worst,2,2019-06-03,7.5,1
worst,2,2020-04-05,8.7,1
worst,2,2020-04-03,8.2,1
worst,2,2019-03-05,6.9,1
worst,2,2020-02-09,,1
completed,2,2020-06-12,8.8,1
completed,2,2019-07-28,7.7,1
completed,2,2019-11-18,8.0,1
completed,2,2019-09-07,7.7,1
completed,2,2019-10-20,8.0,1
completed,2,2020-03-27,8.7,1
completed,2,2019-08-30,,1
completed,2,2020-05-16,8.8,1
completed,2,2020-08-07,,1
completed,2,2019-09-10,7.91,1
completed,2,2020-04-24,8.7,1
completed,2,2019-11-21,8.0,1
completed,2,2019-04-07,7.02,1
today,2,2020-06-12,8.8,1
today,2,2020-09-27,,1
today,2,2020-03-15,8.2,1
today,2,2020-08-04,8.8,1
click,2,2020-06-12,8.8,1
click,2,2019-09-18,7.91,1
click,2,2019-01-28,6.7,2
click,2,2019-05-21,7.5,1
given,2,2019-07-28,7.7,1
given,2,2019-09-07,7.7,1
given,2,2019-06-18,7.5,1
given,2,2020-10-01,9.0,1
given,2,2019-11-10,,1
given,2,2020-03-08,8.2,1
given,2,2019-01-29,6.7,1
everything,2,2019-07-28,7.7,1
something,2,2019-07-28,7.7,1
something,2,2020-07-12,8.8,1
wrong,2,2019-07-28,7.7,1
cheating,2,2020-04-19,8.7,1
credited,2,2020-04-19,8.7,1
credited,2,2020-03-27,8.7,1
credited,2,2019-02-17,6.9,1
3rd,2,2020-04-19,8.7,1
3rd,2,2019-08-13,7.7,1
registered,2,2020-04-17,8.7,1
registered,2,2020-01-30,,1
through,2,2020-04-17,8.7,1
does,2,2020-04-17,8.7,2
does,2,2020-03-27,8.7,1
does,2,2020-04-15,,1
does,2,2019-06-19,7.6,1
does,2,2020-08-06,8.8,1
does,2,2020-03-15,8.2,1
most,2,2020-04-17,8.7,1
most,2,2020-07-22,,1
can,2,2020-04-17,8.7,1
can,2,2019-08-14,7.7,1
can,2,2020-05-08,8.8,1
can,2,2020-04-10,,1
can,2,2020-05-28,8.8,1
can,2,2019-08-08,7.7,1
can,2,2020-05-02,,1
can,2,2019-10-22,,1
can,2,2020-07-03,,1
can,2,2019-10-21,8.0,1
can,2,2020-01-24,,1
can,2,2020-06-14,,1
can,2,2019-11-05,8.0,1
can,2,2020-03-16,8.2,1
can,2,2020-04-20,8.7,1
personal,2,2020-04-17,8.7,1
rupees,2,2020-04-17,8.7,1
rupees,2,2019-07-27,7.7,1
rupees,2,2020-05-05,8.8,1
rupees,2,2019-09-16,7.91,1
rupees,2,2020-06-14,,1
rupees,2,2020-08-10,,2
rupees,2,2020-09-10,,2
rupees,2,2020-08-26,9.0,1
rupees,2,2019-05-02,7.4,1
rupees,2,2019-02-17,6.9,1
per,2,2020-04-17,8.7,1
per,2,2019-10-22,,1
per,2,2020-10-01,9.0,1
per,2,2020-10-08,9.0,1
per,2,2019-07-21,7.7,2
per,2,2018-12-20,,1
company,2,2020-04-17,8.7,1
company,2,2019-07-27,7.7,1
already,2,2020-04-17,8.7,1
already,2,2020-04-15,,1
already,2,2019-11-30,8.2,1
downloaded,2,2020-04-17,8.7,1
downloaded,2,2020-04-22,,1
downloaded,2,2019-02-08,6.8,1
downloaded,2,2019-06-25,7.7,1
another,2,2020-04-17,8.7,1
fool,2,2020-04-17,8.7,1
happy,2,2020-04-17,8.7,1
happy,2,2019-10-16,,1
would,2,2019-09-15,,1
great,2,2019-09-15,,1
great,2,2020-02-23,8.2,1
ever,2,2019-09-15,,1
ever,2,2019-04-24,7.4,1
ever,2,2020-04-22,,1
hope,2,2019-09-15,,1
team,2,2019-09-15,,1
team,2,2020-09-27,,1
team,2,2019-09-25,7.91,1
cant,2,2019-07-27,7.7,1
cant,2,2020-04-22,8.7,1
cant,2,2019-04-17,,1
cant,2,2019-01-28,6.7,1
cant,2,2019-05-07,7.4,1
cant,2,2019-04-07,7.02,1
cant,2,2019-04-18,,1
cant,2,2020-08-30,9.0,1
trust,2,2019-07-27,7.7,1
times,2,2019-07-27,7.7,1
times,2,2019-06-18,7.5,1
times,2,2019-06-13,7.5,1
times,2,2019-05-14,7.4,1
100,2,2019-07-27,7.7,1
100,2,2019-10-22,,1
100,2,2020-06-14,,1
installation,2,2019-11-14,8.0,1
installation,2,2020-04-15,,1
installation,2,2020-05-08,8.8,1
installation,2,2019-01-02,6.6,1
poor,2,2019-11-14,8.0,1
poor,2,2020-06-02,8.8,1
poor,2,2019-05-14,7.5,1
low,2,2019-11-14,8.0,1
low,2,2020-10-08,9.0,1
low,2,2019-12-26,8.2,1
new,2,2019-11-18,8.0,1
new,2,2020-09-27,,5
new,2,2019-12-31,8.2,2
new,2,2020-02-25,8.2,1
new,2,2020-02-05,,1
new,2,2019-10-06,8.0,1
bugs,2,2020-05-14,8.8,1
bugs,2,2019-12-29,8.2,1
such,2,2020-05-14,8.8,1
such,2,2019-06-19,7.6,1
such,2,2020-05-21,8.8,1
stars,2,2020-05-14,8.8,1
stars,2,2020-02-12,8.2,1
fooling,2,2019-09-07,7.7,1
fooling,2,2019-09-06,7.7,1
trying,2,2019-09-07,7.7,2
trying,2,2019-01-10,6.7,1
trying,2,2019-01-20,6.7,1
trying,2,2019-08-10,7.7,1
trying,2,2019-06-12,7.5,1
try,2,2019-09-07,7.7,2
try,2,2019-09-07,,1
try,2,2019-06-18,7.5,1
try,2,2019-04-24,7.4,2
try,2,2019-09-09,7.91,2
try,2,2019-04-09,7.02,1
try,2,2019-04-22,7.4,1
try,2,2019-09-13,7.91,1
try,2,2019-09-18,7.91,1
try,2,2019-08-08,7.7,1
try,2,2019-06-13,7.5,1
try,2,2019-01-20,6.7,2
try,2,2019-01-20,6.6,1
try,2,2019-11-30,8.2,1
try,2,2019-03-04,,1
try,2,2019-08-10,7.7,1
try,2,2019-07-06,7.6,1
try,2,2019-05-21,7.5,2
try,2,2019-06-12,7.5,1
try,2,2019-09-10,7.91,1
try,2,2019-09-12,7.91,1
try,2,2020-06-14,,1
try,2,2019-05-07,7.4,1
try,2,2019-09-05,7.7,3
try,2,2019-02-12,6.8,1
try,2,2019-02-05,,1
try,2,2019-02-03,6.8,1
try,2,2019-04-23,7.4,1
try,2,2019-11-16,8.0,1
try,2,2019-04-29,7.4,1
try,2,2019-04-16,7.1,1
try,2,2019-04-07,7.02,1
try,2,2019-03-08,6.9,1
try,2,2019-03-11,6.9,1
try,2,2019-03-05,6.9,1
try,2,2019-02-19,6.9,1
try,2,2019-04-18,,3
hours,2,2019-09-07,7.7,1
hours,2,2020-08-28,9.0,1
hours,2,2020-08-28,,1
hours,2,2019-06-18,7.5,1
hours,2,2019-04-24,7.4,2
hours,2,2019-09-09,7.91,1
hours,2,2019-04-22,7.4,1
hours,2,2020-03-31,,1
hours,2,2019-09-13,7.91,1
hours,2,2020-03-15,8.2,1
hours,2,2019-06-13,7.5,1
hours,2,2019-01-20,6.7,1
hours,2,2019-03-04,,1
hours,2,2019-08-10,7.7,1
hours,2,2019-07-06,7.6,1
hours,2,2019-09-25,7.91,1
hours,2,2019-05-21,7.5,2
hours,2,2019-03-01,6.9,1
hours,2,2019-01-13,6.6,1
hours,2,2019-02-12,6.8,1
hours,2,2019-01-16,6.7,1
hours,2,2019-04-29,7.4,1
hours,2,2019-03-08,6.9,1
hours,2,2019-03-05,6.9,1
hours,2,2019-02-19,6.9,1
start,2,2019-09-07,7.7,1
start,2,2018-12-21,6.6,1
nothing,2,2019-09-07,7.7,1
nothing,2,2019-04-10,7.02,1
say,2,2019-08-14,7.7,1
say,2,2019-02-01,6.8,1
say,2,2019-06-12,7.5,1
say,2,2019-04-16,7.1,1
say,2,2019-02-19,6.9,1
developers,2,2019-08-14,7.7,1
other,2,2019-08-14,7.7,1
other,2,2020-09-27,,1
other,2,2020-05-06,8.8,1
other,2,2020-05-14,8.8,1
our,2,2019-08-14,7.7,1
our,2,2020-04-10,,1
our,2,2020-06-28,,1
paying,2,2020-09-02,,1
paying,2,2020-03-23,8.2,1
server,2,2019-01-10,6.7,1
server,2,2019-09-14,7.91,1
long,2,2020-01-11,8.2,1
long,2,2020-06-17,8.8,1
long,2,2020-04-03,8.7,1
long,2,2019-11-04,8.0,1
provide,2,2020-01-11,8.2,1
provide,2,2019-04-16,7.1,1
which,2,2019-10-20,8.0,1
which,2,2019-10-22,,1
which,2,2019-02-08,6.8,1
which,2,2019-07-21,7.7,1
totally,2,2019-10-20,8.0,1
totally,2,2019-05-24,7.5,1
disappointed,2,2019-10-20,8.0,1
disappointed,2,2019-10-02,8.0,1
reach,2,2020-02-12,8.2,1
update,2,2020-02-12,8.2,1
update,2,2020-03-27,8.7,1
update,2,2019-11-30,8.2,1
zero,2,2020-02-12,8.2,1
too,2,2019-04-25,7.4,1
too,2,2020-04-10,,1
too,2,2020-10-08,9.0,1
like,2,2019-04-25,7.4,1
like,2,2020-05-06,8.8,1
like,2,2020-05-28,8.8,1
like,2,2019-04-07,7.02,1
like,2,2019-02-10,6.8,1
keep,2,2019-04-25,7.4,1
total,2,2019-04-25,7.4,1
request,2,2020-07-09,8.8,1
request,2,2019-12-03,8.2,1
request,2,2020-06-06,8.8,1
uninstall,2,2020-07-18,8.8,1
uninstall,2,2019-04-17,,1
uninstall,2,2020-05-06,8.8,1
because,2,2020-08-23,8.8,1
because,2,2020-04-10,,1
because,2,2020-03-31,,1
because,2,2020-04-26,8.7,1
because,2,2020-05-28,8.8,1
because,2,2020-05-09,8.8,1
because,2,2019-03-01,6.9,1
because,2,2019-10-18,8.0,1
because,2,2019-06-25,7.7,1
because,2,2019-04-07,7.02,1
make,2,2019-02-01,6.8,3
30rs,2,2019-02-01,6.8,1
30rs,2,2019-04-17,,1
30rs,2,2020-03-16,,1
wasting,2,2019-02-01,6.8,1
single,2,2019-02-01,6.8,1
out,2,2020-03-27,8.7,1
out,2,2018-12-23,6.6,1
out,2,2019-12-25,,1
login,2,2020-05-08,8.8,2
login,2,2020-05-28,8.8,1
login,2,2020-03-27,8.7,1
login,2,2020-07-03,,1
login,2,2020-08-04,8.8,1
login,2,2020-08-30,9.0,1
credit,2,2020-04-15,,1
amount,2,2019-06-18,7.5,1
amount,2,2020-03-26,8.7,1
amount,2,2020-09-22,,1
amount,2,2019-12-31,8.2,1
amount,2,2020-07-27,8.8,1
amount,2,2020-08-18,8.8,1
amount,2,2020-08-07,8.8,1
amount,2,2019-03-11,6.9,1
redeem,2,2019-06-18,7.5,1
redeem,2,2019-12-03,8.2,1
redeem,2,2019-04-09,7.02,1
redeem,2,2019-04-22,7.4,2
redeem,2,2019-06-13,7.5,1
redeem,2,2019-07-06,7.6,1
redeem,2,2020-11-03,9.2,1
redeem,2,2019-05-21,7.5,2
redeem,2,2019-04-27,7.4,1
redeem,2,2020-07-12,8.8,1
redeem,2,2020-08-18,8.8,2
redeem,2,2020-09-10,,1
redeem,2,2019-02-03,6.8,2
redeem,2,2019-04-29,7.4,1
redeem,2,2019-02-19,6.9,1
redeem,2,2019-02-10,6.8,1
redeem,2,2019-01-20,6.6,2
redeem,2,2019-04-18,,3
redeem,2,2019-09-13,,1
life,2,2020-04-10,,1
mobile,2,2020-04-10,,1
mobile,2,2020-05-02,,1
mobile,2,2020-05-17,,1
mobile,2,2019-08-15,7.7,1
mobile,2,2019-01-02,6.6,1
love,2,2020-04-30,8.7,1
play,2,2020-04-30,8.7,1
stopped,2,2020-04-30,8.7,1
last,2,2019-08-30,,1
last,2,2019-09-09,7.91,1
last,2,2019-04-22,7.4,1
last,2,2019-01-20,6.6,1
hell,2,2019-08-30,,1
hell,2,2019-09-25,7.91,1
hell,2,2019-09-05,7.7,1
hell,2,2020-06-02,8.8,1
before,2,2019-12-03,8.2,2
before,2,2019-10-02,8.0,1
send,2,2019-12-03,8.2,1
send,2,2020-05-18,8.8,1
send,2,2020-08-20,8.8,2
send,2,2020-06-06,8.8,1
send,2,2019-02-08,6.8,1
send,2,2019-09-01,7.7,1
yet,2,2019-12-03,8.2,1
sent,2,2019-12-03,8.2,1
sent,2,2020-08-20,8.8,1
sent,2,2019-04-24,7.4,1
reedem,2,2019-09-09,7.91,1
reedem,2,2019-04-27,7.4,1
reedem,2,2019-05-07,7.4,1
reedem,2,2019-04-29,7.4,1
reedem,2,2019-03-05,6.9,1
plz,2,2019-09-09,7.91,2
plz,2,2020-04-23,,1
plz,2,2019-01-28,6.7,1
plz,2,2019-09-12,7.91,1
plz,2,2020-06-06,8.8,1
plz,2,2020-08-26,,1
plz,2,2020-09-16,9.0,1
plz,2,2019-05-26,7.5,1
plz,2,2019-09-01,7.7,1
plz,2,2019-06-04,7.5,1
help,2,2020-09-27,,1
help,2,2020-11-14,9.2,1
help,2,2019-09-10,7.91,1
help,2,2019-09-05,7.7,1
help,2,2020-01-24,8.2,1
help,2,2020-07-10,,1
help,2,2019-05-26,7.5,1
help,2,2020-03-20,8.2,1
same,2,2020-09-27,,3
bro,2,2020-09-27,,1
bro,2,2019-01-04,,1
next,2,2020-09-27,,1
lot,2,2020-09-27,,1
lot,2,2019-12-29,8.2,1
lot,2,2019-09-05,7.7,1
lot,2,2019-07-21,7.7,1
able,2,2019-04-22,7.4,1
able,2,2019-09-18,7.91,2
able,2,2019-11-30,8.2,1
able,2,2019-08-10,7.7,1
able,2,2019-07-06,7.6,1
able,2,2018-12-23,6.6,1
able,2,2020-11-03,9.2,1
able,2,2019-06-02,7.5,1
able,2,2020-08-10,,1
able,2,2019-03-08,6.9,1
every,2,2019-04-22,7.4,1
every,2,2019-04-29,7.4,1
reviews,2,2019-04-22,7.4,1
received,2,2019-12-29,8.2,1
received,2,2020-04-12,,1
received,2,2020-09-19,9.0,1
received,2,2019-10-21,8.0,1
received,2,2019-05-14,7.4,1
received,2,2020-05-05,8.8,1
received,2,2019-11-08,8.0,1
received,2,2020-09-27,9.0,1
received,2,2020-05-28,,1
received,2,2020-07-30,8.8,1
received,2,2019-06-25,7.7,1
never,2,2019-12-29,8.2,1
delete,2,2019-09-13,7.91,1
cash,2,2019-09-18,7.91,3
cash,2,2018-12-23,6.6,1
cash,2,2020-09-10,,1
friza,2,2020-07-20,8.8,1
google,2,2020-07-20,8.8,1
hello,2,2020-03-26,8.7,1
developer,2,2020-03-26,8.7,1
change,2,2020-03-26,8.7,1
change,2,2020-01-30,,1
change,2,2019-08-15,7.7,2
into,2,2020-03-26,8.7,1
into,2,2019-03-01,6.9,1
into,2,2020-01-24,,1
number,2,2020-05-28,8.8,1
number,2,2020-01-30,,2
number,2,2020-06-07,8.8,1
number,2,2019-08-15,7.7,1
number,2,2018-12-20,,1
simple,2,2020-04-03,8.7,1
easy,2,2020-04-03,8.7,1
little,2,2020-04-03,8.7,1
taking,2,2020-06-17,8.8,1
taking,2,2020-05-02,,1
message,2,2019-08-08,7.7,1
message,2,2019-08-10,7.7,1
hour,2,2019-08-08,7.7,1
hour,2,2019-09-07,7.7,1
hour,2,2019-09-05,7.7,3
hour,2,2019-07-23,7.7,1
hour,2,2019-05-12,7.5,2
hour,2,2019-04-18,,3
being,2,2020-04-22,,1
seen,2,2020-04-22,,1
users,2,2020-05-02,,1
anyone,2,2020-05-02,,1
anyone,2,2019-10-07,8.0,1
loading,2,2020-05-02,,1
loading,2,2020-03-27,8.7,1
wait,2,2020-05-02,,1
wait,2,2019-09-25,7.91,1
wait,2,2019-04-07,7.02,1
free,2,2020-04-03,8.7,1
verifying,2,2020-03-15,8.2,1
verifying,2,2020-05-18,8.8,1
month,2,2020-04-30,8.8,1
got,2,2019-11-22,,1
got,2,2020-09-22,,1
got,2,2020-07-12,8.8,1
got,2,2020-08-23,,1
got,2,2019-04-24,7.4,1
didnt,2,2019-11-22,,1
didnt,2,2020-05-05,8.8,1
didnt,2,2020-07-12,8.8,1
didnt,2,2020-01-18,8.2,1
week,2,2019-11-22,,1
week,2,2019-09-10,7.91,1
week,2,2020-07-12,8.8,1
transaction,2,2020-05-09,8.8,1
transaction,2,2019-07-16,7.7,1
transaction,2,2019-02-17,6.9,1
3hours,2,2019-09-28,7.91,1
3hours,2,2019-09-12,7.91,1
3hours,2,2019-09-07,,1
3hours,2,2019-02-05,,1
3hours,2,2019-04-07,7.02,1
later,2,2019-09-28,7.91,1
later,2,2019-03-01,6.9,1
later,2,2019-01-13,6.6,1
later,2,2019-09-05,7.7,1
games,2,2020-04-22,8.7,1
games,2,2020-04-20,8.7,1
how,2,2020-04-20,8.7,2
how,2,2020-07-03,,1
how,2,2020-05-14,8.8,1
how,2,2020-06-02,8.8,1
how,2,2019-11-07,8.0,1
how,2,2020-03-14,8.2,1
how,2,2020-05-18,8.8,1
coming,2,2020-04-20,8.7,1
coming,2,2020-02-05,,1
coming,2,2019-10-06,8.0,1
game,2,2020-04-20,8.7,1
game,2,2020-07-05,8.8,1
game,2,2020-04-29,8.7,1
game,2,2020-06-06,8.8,1
game,2,2019-01-04,,2
amazing,2,2020-07-06,8.8,1
add,2,2019-11-30,8.2,1
add,2,2020-07-10,,1
add,2,2019-12-01,8.2,2
add,2,2020-10-08,9.0,1
add,2,2020-04-30,,1
add,2,2020-01-24,,1
add,2,2019-06-04,7.5,1
data,2,2019-01-28,6.7,1
data,2,2019-05-14,7.5,1
rupee,2,2019-10-22,,1
rupee,2,2019-01-16,6.7,1
rupee,2,2019-09-15,7.91,1
rupee,2,2019-09-09,7.7,1
collect,2,2019-04-17,,1
wasted,2,2020-04-23,,1
internet,2,2020-04-23,,1
internet,2,2019-07-21,7.7,1
downloading,2,2020-05-06,8.8,3
downloading,2,2019-11-04,8.0,1
downloading,2,2019-11-10,,1
told,2,2020-08-07,,1
gave,2,2020-08-07,,1
gave,2,2020-05-28,8.8,1
paid,2,2020-05-08,8.8,1
verry,2,2020-05-08,8.8,1
earned,2,2019-12-31,8.2,1
earned,2,2019-05-21,7.5,1
log,2,2020-07-03,,1
log,2,2019-12-25,,1
three,2,2019-05-21,7.5,1
three,2,2019-03-01,6.9,1
three,2,2019-10-02,8.0,1
people,2,2019-09-06,7.7,1
receive,2,2019-09-06,7.7,1
receive,2,2020-01-18,8.2,1
whenever,2,2019-06-12,7.5,1
since,2,2019-09-10,7.91,1
3hrs,2,2019-09-10,7.91,1
3hrs,2,2019-04-23,7.4,1
3hrs,2,2019-03-11,6.9,1
cheat,2,2019-03-01,6.9,1
well,2,2019-03-01,6.9,1
well,2,2019-07-21,7.7,1
starting,2,2020-05-18,8.8,1
starting,2,2020-04-05,8.7,1
friend,2,2019-02-21,6.9,1
friend,2,2019-02-08,6.8,1
friend,2,2020-03-18,8.2,1
friend,2,2019-12-28,8.2,1
.......,2,2020-04-30,,1
verification,2,2020-07-27,8.8,1
could,2,2019-09-16,7.91,1
could,2,2020-06-14,,1
here,2,2019-09-07,,1
saw,2,2019-09-07,7.7,1
said,2,2020-07-12,8.8,1
said,2,2020-05-21,8.8,1
said,2,2019-04-18,,2
full,2,2019-06-02,7.5,1
check,2,2020-06-06,8.8,1
check,2,2020-08-04,8.8,2
plzzz,2,2019-06-03,7.5,1
khata,2,2020-05-28,8.8,1
book,2,2020-05-28,8.8,1
worth,2,2020-06-14,,1
sure,2,2020-06-14,,1
successfully,2,2020-03-18,8.2,1
see,2,2019-09-05,7.7,2
minimum,2,2020-09-10,,2
redeeming,2,2020-09-10,,1
helpful,2,2019-02-12,6.8,1
hate,2,2020-05-21,8.8,1
invite,2,2019-12-28,8.2,1
transferring,2,2020-01-24,8.2,1
krne,2,2020-07-16,8.8,1
sir,2,2019-02-05,,1
sir,2,2020-07-10,,2
osm,2,2020-05-31,8.8,1
osm,2,2019-10-22,8.0,1
sign,2,2020-03-16,8.2,1
mera,2,2020-07-10,,1
mera,2,2019-12-13,8.2,1
mera,2,2019-01-02,6.6,1
wow,2,2020-07-22,,1
wow,2,2020-01-10,,1
wow,2,2020-02-23,8.2,1
mony,2,2019-12-26,8.2,1
kumar,2,2020-04-30,8.7,1
nhi,2,2019-04-22,7.4,1
nhi,2,2019-01-16,6.7,1
nhi,2,2020-10-10,9.0,2
nhi,2,2020-06-07,8.8,1
nhi,2,2019-12-13,8.2,1
nhi,2,2019-10-18,8.0,1
nhi,2,2019-05-14,7.5,2
nhi,2,2019-05-24,7.5,1
nhi,2,2019-05-10,7.5,1
nhi,2,2019-01-20,6.6,2
permission,2,2019-04-22,7.4,1
rha,2,2019-04-22,7.4,1
rha,2,2019-01-16,6.7,1
rha,2,2020-03-13,8.2,1
kya,2,2019-04-22,7.4,1
kya,2,2020-10-10,9.0,1
kya,2,2020-03-28,8.7,1
kya,2,2019-05-14,7.5,1
kya,2,2019-04-09,7.02,1
kya,2,2019-04-13,7.02,1
kya,2,2019-01-02,6.6,1
mere,2,2019-01-16,6.7,1
mere,2,2020-10-10,9.0,1
mere,2,2019-12-13,8.2,1
mere,2,2019-05-12,7.5,1
hai,2,2019-01-16,6.7,2
hai,2,2019-06-03,,1
hai,2,2020-08-07,8.8,1
hai,2,2020-05-14,8.8,1
hai,2,2020-07-06,8.8,1
hai,2,2020-03-28,8.7,1
hai,2,2019-10-18,8.0,3
hai,2,2019-08-15,7.7,2
hai,2,2019-08-20,7.7,1
hai,2,2019-05-12,7.5,1
hai,2,2019-05-24,7.5,1
hai,2,2019-04-22,7.4,1
hai,2,2019-03-11,6.9,2
hai,2,2019-01-20,6.7,1
hai,2,2019-01-20,6.6,1
hai,2,2019-01-02,6.6,2
hai,2,2018-12-23,6.6,1
hai,2,2018-12-20,,1
hai,2,2019-10-24,,1
rhe,2,2019-01-16,6.7,1
anything,2,2019-12-22,8.2,1
refferal,2,2020-08-20,8.8,1
refferal,2,2020-08-11,,1
refferal,2,2020-01-08,8.2,1
class,2,2019-08-13,7.7,1
class,2,2020-03-23,8.2,1
supper,2,2019-12-17,8.2,1
third,2,2020-03-23,8.2,1
tha,2,2019-10-25,8.0,1
tha,2,2019-02-20,6.9,1
service,2,2019-05-19,7.5,1
nahi,2,2019-06-03,,1
nahi,2,2019-05-12,7.5,2
nahi,2,2019-04-22,7.4,1
nahi,2,2019-03-11,6.9,1
nahi,2,2019-01-02,6.6,3
nahi,2,2018-12-20,,1
nahi,2,2020-07-15,,1
hota,2,2019-06-03,,1
hota,2,2020-10-10,9.0,1
hota,2,2019-05-24,7.5,1
hota,2,2019-03-11,6.9,1
vary,2,2019-06-23,7.6,1
reffer,2,2020-03-26,8.7,1
reffer,2,2019-12-07,,1
reffer,2,2020-06-12,8.8,1
bast,2,2020-02-25,8.2,1
super,2,2020-10-27,9.2,1
super,2,2019-11-24,8.2,1
super,2,2020-03-07,8.2,1
super,2,2020-09-27,,1
super,2,2020-07-04,,1
raha,2,2020-10-10,9.0,1
raha,2,2020-06-07,8.8,1
raha,2,2019-12-30,8.2,1
raha,2,2019-10-18,8.0,3
raha,2,2019-05-12,7.5,2
raha,2,2019-04-22,7.4,1
raha,2,2019-01-20,6.6,3
raha,2,2019-01-02,6.6,1
raha,2,2019-09-13,,1
raha,2,2018-12-20,,1
kro,2,2020-10-10,9.0,1
kuch,2,2020-10-10,9.0,1
jab,2,2020-06-07,8.8,1
maine,2,2020-06-07,8.8,1
kiya,2,2020-06-07,8.8,1
kiya,2,2018-12-23,6.6,1
aur,2,2020-06-07,8.8,1
aur,2,2020-06-12,8.8,1
aur,2,2019-12-13,8.2,1
deta,2,2020-06-07,8.8,1
deta,2,2019-03-11,6.9,1
karna,2,2020-08-07,8.8,1
karna,2,2019-08-15,7.7,1
faltu,2,2020-05-14,8.8,1
cod,2,2020-07-08,8.8,1
referal,2,2020-05-17,8.8,1
referal,2,2018-12-23,6.6,1
awesome,2,2020-08-07,8.8,1
isme,2,2020-03-28,8.7,1
isme,2,2019-05-12,7.5,1
bekar,2,2020-04-21,8.7,1
bekar,2,2020-01-19,8.2,1
better,2,2020-04-15,8.7,1
better,2,2020-09-23,9.0,1
excellent,2,2020-05-02,8.7,1
paise,2,2020-01-09,8.2,1
paise,2,2019-12-30,8.2,1
paise,2,2019-07-21,7.7,2
paise,2,2019-01-20,6.7,1
,2,2020-02-03,8.2,1
karne,2,2019-12-30,8.2,1
karne,2,2019-10-18,8.0,1
par,2,2019-12-30,8.2,1
fir,2,2019-12-08,8.2,1
fir,2,2019-01-20,6.6,1
mast,2,2020-03-24,8.2,1
nic,2,2020-05-31,8.2,1
nic,2,2019-03-15,7.02,1
nyc,2,2020-03-02,8.2,1
nyc,2,2019-02-21,6.9,1
superb,2,2019-12-05,8.2,1
bhi,2,2019-10-18,8.0,2
bhi,2,2019-05-12,7.5,1
bhi,2,2019-05-24,7.5,1
bhi,2,2019-03-11,6.9,1
bhi,2,2019-01-20,6.6,1
atleast,2,2019-07-21,7.7,1
bhai,2,2019-08-15,7.7,1
bhai,2,2019-05-18,7.5,1
bhai,2,2018-12-23,6.6,1
koi,2,2019-08-15,7.7,1
koi,2,2019-05-24,7.5,1
kam,2,2019-07-28,7.7,1
dete,2,2019-05-14,7.5,1
logo,2,2019-05-14,7.5,1
hote,2,2019-05-14,7.5,1
lekin,2,2019-05-12,7.5,1
rahe,2,2019-05-12,7.5,1
rahe,2,2019-01-02,6.6,1
fraud,2,2019-05-24,7.5,1
karo,2,2019-05-24,7.5,1
bed,2,2019-05-24,7.5,1
mst,2,2019-05-09,7.4,1
seems,2,2019-04-07,7.02,1
solution,2,2019-04-07,7.02,1
allow,2,2019-04-12,7.02,1
shown,2,2019-02-17,6.9,1
west,2,2019-02-18,6.9,1
refral,2,2019-02-20,6.9,1
refral,2,2019-01-02,6.6,1
invited,2,2019-02-17,6.9,1
enter,2,2019-02-10,6.8,1
invalid,2,2019-02-10,6.8,1
while,2,2019-02-10,6.8,1
karta,2,2019-01-20,6.7,1
kar,2,2019-01-20,6.6,1
hain,2,2019-01-02,6.6,1
erning,2,2019-03-06,,1
